Title;Content;Date;URL;Cleaned Article
 Erick Thohir Perintahkan 12 BUMN Buyback Saham Rp8 Triliun ; ADVERTISEMENT   SCROLL TO CONTINUE WITH CONTENT ;10-03-2020;https://www.cnnindonesia.com/ekonomi/20200310123231-92-482062/erick-thohir-perintahkan-12-bumn-buyback-saham-rp8-triliun;
 Pariwisata Sepi, Bali Menyesal Anak Tirikan Turis Lokal ; ADVERTISEMENT   SCROLL TO CONTINUE WITH CONTENT ;11-03-2020;https://www.cnnindonesia.com/ekonomi/20200311144535-92-482484/pariwisata-sepi-bali-menyesal-anak-tirikan-turis-lokal;
 Corona Masuk RI, Masker Jadi Barang Mewah yang Sulit Dicari ; ADVERTISEMENT   SCROLL TO CONTINUE WITH CONTENT ;04-03-2020;https://www.cnnindonesia.com/ekonomi/20200304203438-92-480583/corona-masuk-ri-masker-jadi-barang-mewah-yang-sulit-dicari;
         IHSG Tersungkur, Perdagangan Saham Bakal Disetop    ;"Otoritas pasar modal mengambil tindakan untuk menyelamatkan Indeks Harga Saham Gabungan (IHSG). Kali ini akan diterapkan kebijakan penghentian perdagangan atau trading halt.Keputusan itu diambil PT Bursa Efek Indonesia dengan menindak lanjuti Surat Perintah Kepala Departemen Pengawasan Pasar Modal 2A Otoritas Jasa Keuangan Nomor: S-274/PM.21/2020 tanggal 10 Maret 2020 perihal Perintah Melakukan Trading Halt Perdagangan di Bursa Efek Indonesia Dalam Kondisi Pasar Modal Mengalami Tekanan.Selain itu berdasarkan Surat Keputusan Direksi PT Bursa Efek Indonesia Nomor: Kep-00024/BEI/03-2020 tanggal 10 Maret 2020 perihal Perubahan Panduan Penanganan Kelangsungan Perdagangan di Bursa Efek Indonesia dalam Kondisi Darurat, dan dalam rangka menjaga perdagangan efek yang teratur, wajar dan efisien. Atas keputusan itu, jika terjadi penurunan yang sangat tajam atas dalam 1 hari bursa yang sama, maka diterapkan trading halt 30 menit jika mengalami pelemahan 5% dan dilakukan lagi 30 menit jika mengalami penurunan 10%. Selain itu juga diterapkan trading suspend bila IHSG turun hingga 15%.Ketentuan tersebut berlaku efektif sejak besok atau Rabu, 11 Maret 2020 sampai dengan batas waktu yang akan ditetapkan kemudian.Berikut ketentuan trading halt dan suspensi IHSG:1. Trading halt selama 30 menit apabila IHSG mengalami penurunan hingga lebih dari 5% 2. Trading halt selama 30 menit apabila IHSG mengalami penurunan lanjutan hingga lebih dari 10% 3. Trading suspend apabila IHSG mengalami penurunan lanjutan hingga lebih dari 15% dengan ketentuan:a. sampai akhir sesi perdagangan; ataub. lebih dari 1 sesi perdagangan setelah mendapat persetujuan atau perintah Otoritas Jasa Keuangan.      ADVERTISEMENT         SCROLL TO CONTINUE WITH CONTENT   ";10-03-2020;https://finance.detik.com/bursa-dan-valas/d-4933694/ihsg-tersungkur-perdagangan-saham-bakal-disetop;"otoritas pasar modal mengambil tindakan untuk menyelamatkan indeks harga saham gabungan (ihsg). kali ini akan diterapkan kebijakan penghentian perdagangan atau trading halt.keputusan itu diambil pt bursa efek indonesia dengan menindak lanjuti surat perintah kepala departemen pengawasan pasar modal 2a otoritas jasa keuangan nomor: s-274/pm.21/2020 tanggal 10 maret 2020 perihal perintah melakukan trading halt perdagangan di bursa efek indonesia dalam kondisi pasar modal mengalami tekanan.selain itu berdasarkan surat keputusan direksi pt bursa efek indonesia nomor: kep-00024/bei/03-2020 tanggal 10 maret 2020 perihal perubahan panduan penanganan kelangsungan perdagangan di bursa efek indonesia dalam kondisi darurat, dan dalam rangka menjaga perdagangan efek yang teratur, wajar dan efisien. atas keputusan itu, jika terjadi penurunan yang sangat tajam atas dalam 1 hari bursa yang sama, maka diterapkan trading halt 30 menit jika mengalami pelemahan 5% dan dilakukan lagi 30 menit jika mengalami penurunan 10%. selain itu juga diterapkan trading suspend bila ihsg turun hingga 15%.ketentuan tersebut berlaku efektif sejak besok atau rabu, 11 maret 2020 sampai dengan batas waktu yang akan ditetapkan kemudian.berikut ketentuan trading halt dan suspensi ihsg:1. trading halt selama 30 menit apabila ihsg mengalami penurunan hingga lebih dari 5% 2. trading halt selama 30 menit apabila ihsg mengalami penurunan lanjutan hingga lebih dari 10% 3. trading suspend apabila ihsg mengalami penurunan lanjutan hingga lebih dari 15% dengan ketentuan:a. sampai akhir sesi perdagangan; ataub. lebih dari 1 sesi perdagangan setelah mendapat persetujuan atau perintah otoritas jasa keuangan. "
Promo McD: Bagikan 1.000 Sarapan Gratis Mulai Pukul 06.30 WIB pada 9 Maret Mendatang;"TRIBUNNEWS.COM - Restoran McDonalds (McD) kembali menghadirkan promo terbaru yang sayang dilewatkan. McD akan membagikan 1.000 paket sarapan gratis pada Senin (9/3/2020) mulai pukul 06.30 WIB. Adapun sarapan yang dibagikan adalah 1.000 chicken muffin di setiap restoran McD di seluruh Indonesia. Kegiatan pembagian sarapan gratis ala McD ini setiap tahun dilakukan restoran asal Amerika Serikat tersebut. Chicken muffin adalah satu menu sarapan dari McD dan jadi favorit banyak kalangan. Dan, Senin besok, akan dibagikan gratis kepada pelanggan McD.  Chicken muffin adalah satu menu sarapan dari McD dan jadi favorit banyak kalangan. (mcdonalds)  Baca: Promo KFC Hanya Rp 10.000 Ada Menu Chicken Skin hingga Mini Chizza, Berlaku hingga 15 Maret 2020 Baca: PROMO JSM! Periode 6-8 Maret 2020 di Berbagai Supermarket Mulai Indomaret, Alfamart hingga Superindo Dikutip dari mcdonalds.co.id, bagi-bagi 1.000 sarapan gratis ini akan dimulai pukul 06.30 hingga 11.00 waktu setempat.  .recads_wrapper{height:134px;position:relative;margin:10px 0 30px;padding:10px 15px;overflow:hidden;box-shadow:0 0 10px rgb(0 0 0 / 20%);}.recads_title{margin-bottom:10px;font-size:16px;font-weight:700}.arjW-list{overflow-x:scroll;overflow-y:hidden;white-space:nowrap;width:auto;padding:10px 0;position:relative;display:flex;scroll-snap-type:x;flex-wrap:nowrap}.recads_item{scroll-snap-align:start;width:280px;flex:0 0 280px;margin-right:20px;display: flex;white-space: normal;gap: 10px;}.recads_item a {display:flex;white-space:normal;gap:10px;}.recads_image{position:relative;height:auto}.recads_image img{width:auto;height: 73px!important;max-width:165px!important;border-radius:8px}.article_datas_title{font-size:14px;font-weight:700;line-height:1.2;margin:0;overflow:hidden;display:-webkit-box;-webkit-line-clamp:4;-webkit-box-orient:vertical;}.arjW-img-overlay{position:absolute;z-index:3;bottom:8px;left:0;padding:0 0 0 10px}.arjW-img-overlay>img{width:auto;height: 16px!important;}.recads_image::after{z-index:2;position:absolute;top:50%;bottom:4px;left:0;right:0;content:'';background:linear-gradient(to top,#d6d6d6,transparent);width:100%;border-radius: 8px;}             BERITA REKOMENDASI           Untuk melengkapi sarapan, kamu bisa menambah kopi atau teh ala McD hanya dengan Rp 4.545 atau kopi/teh dan hashbrown hanya Rp 9.091. Harga ini belum termasuk pajak. Kabar gembiranya, khusus bagi delapan konsumen pertama dalam mengantre 1.000 Chicken Muffin gratis dan berbaju kuning, akan mendapatkan bantal McMuffin gratis. Namun, ia juga harus melengkapi sarapannya dengan menambah Rp 9.091 untuk hashbrown dan kopi/tea. Bagi-bagi sarapan gratis dari McD terbatas untuk 1.000 konsumen yang berusia 15 tahun ke atas.  Chicken Muffin ala McD ()  Selain itu, bila sebelum pukul 11.00 waktu setempat sudah mencapai 1.000 konsumen, pemberian sarapan gratis akan dihentikan. Yang harus diperhatikan selanjutnya, satu konsumen hanya berhak mendapatkan satu chicken muffin. Promo ini tidak berlaku untuk karyawan McD Indonesia. Ketentuan selanjutnya, gratis bantal McMufin tidak berlaku bagi konsumen yang menukarkan kupon gratis add on.  Sarapan gratis chicken muffin dari McD berlaku di seluruh restoran McD di Indonesia. Kecuali untuk 13 restoran McDonald’s di bawah ini: 1. McDonald’s Grand Mall Bekasi 2. McDonald’s Plaza Millenium Medan 3. McDonald’s Sukabumi Indah Plaza 4. McDonald’s Veteran Gresik 5. McDonald’s Transmart Pekanbaru 6. McDonald’s Lippo Karawaci 7. McDonald’s Kalibata Mall 8. McDonald’s Cempaka Mas 9. McDonald’s Transmart Cempaka Putih 10. McDonald’s Stasiun Gambir 11. McDonald’s Dufan 12. McDonald’s Ancol 13. McDonald’s Depok Plaza  McD juga merilis sejumlah aturan dan ketentuan bagi konsumen yang ingin mendapatkan sarapan gratis: 1. Mohon menjaga jarak antrean sekitar ± 30cm demi kenyamanan 2 .Konsumen tidak diperboleh meninggalkan antrean kecuali ke toilet 3. Konsumen tidak diperbolehkan menitipkan nomor antreannya kepada konsumen lainnya 4. McDonald’s tidak menjamin konsumen dapat kembali ke jalur antrean semula jika konsumen meninggalkan antrean 5. Demi kenyamanan bersama, mohon agar konsumen dapat antre dengan tertib (tidak ribut/saling mendorong/membuat kegaduhan) 6. McDonald’s mempunyai hak untuk menghentikan pembagian Chicken Muffin gratis baik melalui Counter ataupun Drive Thru jika terjadi hal-hal yang mengganggu kenyaman dan/atau keamanan Jadi tunggu apalagi, serbu restoran McD terdekat di kotamu dan dapatkan sarapan gratis chicken muffin. (Tribunnews.com/Sri Juliati)";07-03-2020;https://www.tribunnews.com/bisnis/2020/03/07/promo-mcd-bagikan-1000-sarapan-gratis-mulai-pukul-0630-wib-pada-9-maret-mendatang;tribunnews.com - restoran mcdonalds (mcd) kembali menghadirkan promo terbaru yang sayang dilewatkan. mcd akan membagikan 1.000 paket sarapan gratis pada senin (9/3/2020) mulai pukul 06.30 wib. adapun sarapan yang dibagikan adalah 1.000 chicken muffin di setiap restoran mcd di seluruh indonesia. kegiatan pembagian sarapan gratis ala mcd ini setiap tahun dilakukan restoran asal amerika serikat tersebut. chicken muffin adalah satu menu sarapan dari mcd dan jadi favorit banyak kalangan. dan, senin besok, akan dibagikan gratis kepada pelanggan mcd. chicken muffin adalah satu menu sarapan dari mcd dan jadi favorit banyak kalangan. (mcdonalds) baca: promo kfc hanya rp 10.000 ada menu chicken skin hingga mini chizza, berlaku hingga 15 maret 2020 baca: promo jsm! periode 6-8 maret 2020 di berbagai supermarket mulai indomaret, alfamart hingga superindo dikutip dari mcdonalds.co.id, bagi-bagi 1.000 sarapan gratis ini akan dimulai pukul 06.30 hingga 11.00 waktu setempat. berita rekomendasi untuk melengkapi sarapan, kamu bisa menambah kopi atau teh ala mcd hanya dengan rp 4.545 atau kopi/teh dan hashbrown hanya rp 9.091. harga ini belum termasuk pajak. kabar gembiranya, khusus bagi delapan konsumen pertama dalam mengantre 1.000 chicken muffin gratis dan berbaju kuning, akan mendapatkan bantal mcmuffin gratis. namun, ia juga harus melengkapi sarapannya dengan menambah rp 9.091 untuk hashbrown dan kopi/tea. bagi-bagi sarapan gratis dari mcd terbatas untuk 1.000 konsumen yang berusia 15 tahun ke atas. chicken muffin ala mcd () selain itu, bila sebelum pukul 11.00 waktu setempat sudah mencapai 1.000 konsumen, pemberian sarapan gratis akan dihentikan. yang harus diperhatikan selanjutnya, satu konsumen hanya berhak mendapatkan satu chicken muffin. promo ini tidak berlaku untuk karyawan mcd indonesia. ketentuan selanjutnya, gratis bantal mcmufin tidak berlaku bagi konsumen yang menukarkan kupon gratis add on. sarapan gratis chicken muffin dari mcd berlaku di seluruh restoran mcd di indonesia. kecuali untuk 13 restoran mcdonald’s di bawah ini: 1. mcdonald’s grand mall bekasi 2. mcdonald’s plaza millenium medan 3. mcdonald’s sukabumi indah plaza 4. mcdonald’s veteran gresik 5. mcdonald’s transmart pekanbaru 6. mcdonald’s lippo karawaci 7. mcdonald’s kalibata mall 8. mcdonald’s cempaka mas 9. mcdonald’s transmart cempaka putih 10. mcdonald’s stasiun gambir 11. mcdonald’s dufan 12. mcdonald’s ancol 13. mcdonald’s depok plaza mcd juga merilis sejumlah aturan dan ketentuan bagi konsumen yang ingin mendapatkan sarapan gratis: 1. mohon menjaga jarak antrean sekitar ± 30cm demi kenyamanan 2 .konsumen tidak diperboleh meninggalkan antrean kecuali ke toilet 3. konsumen tidak diperbolehkan menitipkan nomor antreannya kepada konsumen lainnya 4. mcdonald’s tidak menjamin konsumen dapat kembali ke jalur antrean semula jika konsumen meninggalkan antrean 5. demi kenyamanan bersama, mohon agar konsumen dapat antre dengan tertib (tidak ribut/saling mendorong/membuat kegaduhan) 6. mcdonald’s mempunyai hak untuk menghentikan pembagian chicken muffin gratis baik melalui counter ataupun drive thru jika terjadi hal-hal yang mengganggu kenyaman dan/atau keamanan jadi tunggu apalagi, serbu restoran mcd terdekat di kotamu dan dapatkan sarapan gratis chicken muffin. (tribunnews.com/sri juliati)
Kitabisa.com Sumbang 100 Kursi Roda untuk Pasien di RSCM;"Laporan Wartawan TribunJakarta.com, Muhammad Rizki Hidayat TRIBUNNEWS.COM, JAKARTA - Kitabisa.com menyalurkan 100 kursi roda guna membantu mobilisasi pasien selama pengobatan di RSCM, Kamis (12/3/2020). CEO Kitabisa.com Alfatih Timur, mengatakan 100 kursi roda ini bersumber dari hasil donasi publik.  CEO Kitabisa.com, Alfatih Timur, di Rumah Sakit Cipto Mangunkusumo (RSCM), Jakarta Pusat, Kamis (12/3/2020).  ""Kursi roda ini merupakan hasil donasi publik yang dihimpun melalui halaman galang dana kitabisa.com atau bisa sembuh,"" kata Alfatih, di Rumah Sakit Cipto Mangunkusumo (RSCM), Jakarta Pusat, Kamis (12/3/2020). Baca: Kisah Sungai Emas Papua Hingga Banjir Jakarta di Galeri Nasional Indonesia Baca: Wajah Merah, Perawat Corona di Italia: Lelah Tapi Cinta Pekerjaan Ini Sejak Mei 2019, Kitabisa.com bersama RSCM juga membuka program khusus bantuan biaya pengobatan pasien tanpa jaminan kesehatan bertajuk 'Bisa Sembuh RSCM.' ""Lebih dari 75 ribu orang telah membantu biaya pengobatan 70 pasien,"" tambah Alfatih. ""Seperti buruh yang mengalami kecelakaan kerja hingga pasien dengan penyakit langka,"" sambungnya.  .recads_wrapper{height:134px;position:relative;margin:10px 0 30px;padding:10px 15px;overflow:hidden;box-shadow:0 0 10px rgb(0 0 0 / 20%);}.recads_title{margin-bottom:10px;font-size:16px;font-weight:700}.arjW-list{overflow-x:scroll;overflow-y:hidden;white-space:nowrap;width:auto;padding:10px 0;position:relative;display:flex;scroll-snap-type:x;flex-wrap:nowrap}.recads_item{scroll-snap-align:start;width:280px;flex:0 0 280px;margin-right:20px;display: flex;white-space: normal;gap: 10px;}.recads_item a {display:flex;white-space:normal;gap:10px;}.recads_image{position:relative;height:auto}.recads_image img{width:auto;height: 73px!important;max-width:165px!important;border-radius:8px}.article_datas_title{font-size:14px;font-weight:700;line-height:1.2;margin:0;overflow:hidden;display:-webkit-box;-webkit-line-clamp:4;-webkit-box-orient:vertical;}.arjW-img-overlay{position:absolute;z-index:3;bottom:8px;left:0;padding:0 0 0 10px}.arjW-img-overlay>img{width:auto;height: 16px!important;}.recads_image::after{z-index:2;position:absolute;top:50%;bottom:4px;left:0;right:0;content:'';background:linear-gradient(to top,#d6d6d6,transparent);width:100%;border-radius: 8px;}             BERITA REKOMENDASI           Saat itu, lanjutnya, terkumpul lebih dari Rp 4,5 miliar donasi untuk membantu pasien-pasien di RSCM. ""Salah satu pasien yang terbantu melalui program ini adalah Nasikin, kuli bangunan yang tersengat listrik saat sedang memasang atap di sebuah bangunan,"" jelas Alfatih. Dia menambahkan, kedua tangan Nasikin terpaksa diamputasi.  ""Dia (Nasikin) harus menjalani pengobatan intensif untuk memulihkan kondisinya dengan estimasi biaya perawatan sebesar Rp 200 juta,"" ucap Alfatih. Untuk membantu Nasikin lainnya, RSCM bersama Kitabisa.com melantik 20 Duta #OrangBaik RSCM.  Mereka adalah tenaga medis profesional yang nantinya membantu pasien RSCM mendapatkan pelayanan dan bantuan biaya pengobatan. ""Salahsatunya adalah Prof. Dr. dr. Soehartati, Sp. Rad(K)Onk.Rad, dokter senior ahli onkologi RSCM,"" ujar Alfatih. Dirut RSCM, Dr Lies Dina Liastuti, mengatakan terima kasih atas bantuan tersebut. ""Kami mengucapkan terima kasih banyak atas kemurahan hati donatur Kitabisa.com untuk terus membantu pasien RSCM,"" ujarnya, pada kesempatan yang sama.  ""Bantuan ini tentu akan membantu kami dalam peningkatan kualitas dan pelayanan terhadap pasien,"" lanjutnya.";12-03-2020;https://www.tribunnews.com/bisnis/2020/03/12/kitabisacom-sumbang-100-kursi-roda-untuk-pasien-di-rscm;"laporan wartawan tribunjakarta.com, muhammad rizki hidayat tribunnews.com, jakarta - kitabisa.com menyalurkan 100 kursi roda guna membantu mobilisasi pasien selama pengobatan di rscm, kamis (12/3/2020). ceo kitabisa.com alfatih timur, mengatakan 100 kursi roda ini bersumber dari hasil donasi publik. ceo kitabisa.com, alfatih timur, di rumah sakit cipto mangunkusumo (rscm), jakarta pusat, kamis (12/3/2020). ""kursi roda ini merupakan hasil donasi publik yang dihimpun melalui halaman galang dana kitabisa.com atau bisa sembuh,"" kata alfatih, di rumah sakit cipto mangunkusumo (rscm), jakarta pusat, kamis (12/3/2020). baca: kisah sungai emas papua hingga banjir jakarta di galeri nasional indonesia baca: wajah merah, perawat corona di italia: lelah tapi cinta pekerjaan ini sejak mei 2019, kitabisa.com bersama rscm juga membuka program khusus bantuan biaya pengobatan pasien tanpa jaminan kesehatan bertajuk 'bisa sembuh rscm.' ""lebih dari 75 ribu orang telah membantu biaya pengobatan 70 pasien,"" tambah alfatih. ""seperti buruh yang mengalami kecelakaan kerja hingga pasien dengan penyakit langka,"" sambungnya. berita rekomendasi saat itu, lanjutnya, terkumpul lebih dari rp 4,5 miliar donasi untuk membantu pasien-pasien di rscm. ""salah satu pasien yang terbantu melalui program ini adalah nasikin, kuli bangunan yang tersengat listrik saat sedang memasang atap di sebuah bangunan,"" jelas alfatih. dia menambahkan, kedua tangan nasikin terpaksa diamputasi. ""dia (nasikin) harus menjalani pengobatan intensif untuk memulihkan kondisinya dengan estimasi biaya perawatan sebesar rp 200 juta,"" ucap alfatih. untuk membantu nasikin lainnya, rscm bersama kitabisa.com melantik 20 duta #orangbaik rscm. mereka adalah tenaga medis profesional yang nantinya membantu pasien rscm mendapatkan pelayanan dan bantuan biaya pengobatan. ""salahsatunya adalah prof. dr. dr. soehartati, sp. rad(k)onk.rad, dokter senior ahli onkologi rscm,"" ujar alfatih. dirut rscm, dr lies dina liastuti, mengatakan terima kasih atas bantuan tersebut. ""kami mengucapkan terima kasih banyak atas kemurahan hati donatur kitabisa.com untuk terus membantu pasien rscm,"" ujarnya, pada kesempatan yang sama. ""bantuan ini tentu akan membantu kami dalam peningkatan kualitas dan pelayanan terhadap pasien,"" lanjutnya."
HARI INI, McD Bagikan 1.000 Sarapan Gratis Mulai Jam 06.30 di Seluruh Outlet!;"TRIBUNNEWS.COM - Restoran McDonalds (McD) akan membagikan 1.000 paket sarapan gratis bagi pelanggan McD, Senin (93/2020) hari ini. Sebanyak 1.000 konsumen pertama yang datang ke setiap outlet McD di seluruh Indonesia, akan mendapatkan gratis Chicken Muffin. Chicken Muffin adalah setangkup English muffin hangat, dilapisi saus mayonais dengan daging ayam olahan yang digoreng sempurna. Chicken Muffin merupakan satu di antara menu sarapan dari McD yang tersedia dari pukul 05.00 hingga 11.00 waktu setempat.  Menu Chicken Muffin dari McD (mcdonalds.co.id)  Baca: HARI INI, McD Bagikan 1.000 Sarapan Gratis Mulai Jam 06.30 di Seluruh Outlet! Baca: Promo McD: 9 Maret, McD Bagikan 1.000 Sarapan Gratis Mulai Pukul 06.30 WIB Nah, 1.000 Chicken Muffin ala McD akan dibagikan secara gratis alias cuma-cuma bagi 1.000 pelanggan McD yang datang. Kegiatan pembagian sarapan gratis adalah program yang diadakan restoran asal Amerika Serikat itu setiap tahun untuk memperingati 8th National Breakfast Day. Dikutip dari mcdonalds.co.id, bagi-bagi 1.000 sarapan gratis dari McD akan berlangsung mulai pukul 06.30 hingga 11.00 waktu setempat.  .recads_wrapper{height:134px;position:relative;margin:10px 0 30px;padding:10px 15px;overflow:hidden;box-shadow:0 0 10px rgb(0 0 0 / 20%);}.recads_title{margin-bottom:10px;font-size:16px;font-weight:700}.arjW-list{overflow-x:scroll;overflow-y:hidden;white-space:nowrap;width:auto;padding:10px 0;position:relative;display:flex;scroll-snap-type:x;flex-wrap:nowrap}.recads_item{scroll-snap-align:start;width:280px;flex:0 0 280px;margin-right:20px;display: flex;white-space: normal;gap: 10px;}.recads_item a {display:flex;white-space:normal;gap:10px;}.recads_image{position:relative;height:auto}.recads_image img{width:auto;height: 73px!important;max-width:165px!important;border-radius:8px}.article_datas_title{font-size:14px;font-weight:700;line-height:1.2;margin:0;overflow:hidden;display:-webkit-box;-webkit-line-clamp:4;-webkit-box-orient:vertical;}.arjW-img-overlay{position:absolute;z-index:3;bottom:8px;left:0;padding:0 0 0 10px}.arjW-img-overlay>img{width:auto;height: 16px!important;}.recads_image::after{z-index:2;position:absolute;top:50%;bottom:4px;left:0;right:0;content:'';background:linear-gradient(to top,#d6d6d6,transparent);width:100%;border-radius: 8px;}             BERITA REKOMENDASI           Namun, bila sebelum pukul 11.00 waktu setempat sudah mencapai 1.000 konsumen, pemberian sarapan gratis akan dihentikan. Bagi-bagi sarapan gratis dari McD juga terbatas untuk 1.000 konsumen yang berusia 15 tahun ke atas. Ketentuannya, satu konsumen hanya berhak mendapatkan satu chicken muffin. Promo bagi-bagi sarapan gratis tidak berlaku bagi karyawan McD Indonesia. Untuk melengkapi sarapan, kamu bisa menambah kopi atau teh ala McD hanya dengan Rp 4.545 atau kopi/teh dan hashbrown hanya Rp 9.091. Harga ini belum termasuk pajak.  Kabar gembiranya, khusus bagi delapan konsumen pertama dalam mengantre 1.000 Chicken Muffin gratis dan berbaju kuning, akan mendapatkan bantal McMuffin gratis. Namun, ia juga harus melengkapi sarapannya dengan menambah Rp 9.091 untuk hashbrown dan kopi/tea. Selain itu, pemberian gratis bantal McMufin tidak berlaku bagi konsumen yang menukarkan kupon gratis add on.  Sarapan gratis chicken muffin dari McD berlaku di seluruh restoran McD di Indonesia. Kecuali untuk 13 restoran McDonald’s di bawah ini: 1. McDonald’s Grand Mall Bekasi 2. McDonald’s Plaza Millenium Medan 3. McDonald’s Sukabumi Indah Plaza 4. McDonald’s Veteran Gresik 5. McDonald’s Transmart Pekanbaru 6. McDonald’s Lippo Karawaci 7. McDonald’s Kalibata Mall 8. McDonald’s Cempaka Mas 9. McDonald’s Transmart Cempaka Putih 10. McDonald’s Stasiun Gambir 11. McDonald’s Dufan 12. McDonald’s Ancol 13. McDonald’s Depok Plaza  McD juga merilis sejumlah aturan dan ketentuan bagi konsumen yang ingin mendapatkan sarapan gratis berupa Chicken Muffin: 1. Mohon menjaga jarak antrean sekitar ± 30cm demi kenyamanan 2 .Konsumen tidak diperboleh meninggalkan antrean kecuali ke toilet 3. Konsumen tidak diperbolehkan menitipkan nomor antreannya kepada konsumen lainnya 4. McDonald’s tidak menjamin konsumen dapat kembali ke jalur antrean semula jika konsumen meninggalkan antrean 5. Demi kenyamanan bersama, mohon agar konsumen dapat antre dengan tertib (tidak ribut/saling mendorong/membuat kegaduhan) 6. McDonald’s mempunyai hak untuk menghentikan pembagian Chicken Muffin gratis baik melalui Counter ataupun Drive Thru jika terjadi hal-hal yang mengganggu kenyaman dan/atau keamanan Jadi tunggu apalagi, serbu restoran McD terdekat di kotamu dan dapatkan sarapan gratis chicken muffin. (Tribunnews.com/Sri Juliati)";09-03-2020;https://www.tribunnews.com/bisnis/2020/03/09/hari-ini-mcd-bagikan-1000-sarapan-gratis-mulai-jam-0630-di-seluruh-outlet;tribunnews.com - restoran mcdonalds (mcd) akan membagikan 1.000 paket sarapan gratis bagi pelanggan mcd, senin (93/2020) hari ini. sebanyak 1.000 konsumen pertama yang datang ke setiap outlet mcd di seluruh indonesia, akan mendapatkan gratis chicken muffin. chicken muffin adalah setangkup english muffin hangat, dilapisi saus mayonais dengan daging ayam olahan yang digoreng sempurna. chicken muffin merupakan satu di antara menu sarapan dari mcd yang tersedia dari pukul 05.00 hingga 11.00 waktu setempat. menu chicken muffin dari mcd (mcdonalds.co.id) baca: hari ini, mcd bagikan 1.000 sarapan gratis mulai jam 06.30 di seluruh outlet! baca: promo mcd: 9 maret, mcd bagikan 1.000 sarapan gratis mulai pukul 06.30 wib nah, 1.000 chicken muffin ala mcd akan dibagikan secara gratis alias cuma-cuma bagi 1.000 pelanggan mcd yang datang. kegiatan pembagian sarapan gratis adalah program yang diadakan restoran asal amerika serikat itu setiap tahun untuk memperingati 8th national breakfast day. dikutip dari mcdonalds.co.id, bagi-bagi 1.000 sarapan gratis dari mcd akan berlangsung mulai pukul 06.30 hingga 11.00 waktu setempat. berita rekomendasi namun, bila sebelum pukul 11.00 waktu setempat sudah mencapai 1.000 konsumen, pemberian sarapan gratis akan dihentikan. bagi-bagi sarapan gratis dari mcd juga terbatas untuk 1.000 konsumen yang berusia 15 tahun ke atas. ketentuannya, satu konsumen hanya berhak mendapatkan satu chicken muffin. promo bagi-bagi sarapan gratis tidak berlaku bagi karyawan mcd indonesia. untuk melengkapi sarapan, kamu bisa menambah kopi atau teh ala mcd hanya dengan rp 4.545 atau kopi/teh dan hashbrown hanya rp 9.091. harga ini belum termasuk pajak. kabar gembiranya, khusus bagi delapan konsumen pertama dalam mengantre 1.000 chicken muffin gratis dan berbaju kuning, akan mendapatkan bantal mcmuffin gratis. namun, ia juga harus melengkapi sarapannya dengan menambah rp 9.091 untuk hashbrown dan kopi/tea. selain itu, pemberian gratis bantal mcmufin tidak berlaku bagi konsumen yang menukarkan kupon gratis add on. sarapan gratis chicken muffin dari mcd berlaku di seluruh restoran mcd di indonesia. kecuali untuk 13 restoran mcdonald’s di bawah ini: 1. mcdonald’s grand mall bekasi 2. mcdonald’s plaza millenium medan 3. mcdonald’s sukabumi indah plaza 4. mcdonald’s veteran gresik 5. mcdonald’s transmart pekanbaru 6. mcdonald’s lippo karawaci 7. mcdonald’s kalibata mall 8. mcdonald’s cempaka mas 9. mcdonald’s transmart cempaka putih 10. mcdonald’s stasiun gambir 11. mcdonald’s dufan 12. mcdonald’s ancol 13. mcdonald’s depok plaza mcd juga merilis sejumlah aturan dan ketentuan bagi konsumen yang ingin mendapatkan sarapan gratis berupa chicken muffin: 1. mohon menjaga jarak antrean sekitar ± 30cm demi kenyamanan 2 .konsumen tidak diperboleh meninggalkan antrean kecuali ke toilet 3. konsumen tidak diperbolehkan menitipkan nomor antreannya kepada konsumen lainnya 4. mcdonald’s tidak menjamin konsumen dapat kembali ke jalur antrean semula jika konsumen meninggalkan antrean 5. demi kenyamanan bersama, mohon agar konsumen dapat antre dengan tertib (tidak ribut/saling mendorong/membuat kegaduhan) 6. mcdonald’s mempunyai hak untuk menghentikan pembagian chicken muffin gratis baik melalui counter ataupun drive thru jika terjadi hal-hal yang mengganggu kenyaman dan/atau keamanan jadi tunggu apalagi, serbu restoran mcd terdekat di kotamu dan dapatkan sarapan gratis chicken muffin. (tribunnews.com/sri juliati)
Michelin Indonesia Manfaatkan Pabrik Multistrada untuk Produksi Ban Mobil dan Motor;"TRIBUNNEWS.COM, JAKARTA - Produsen ban asal Prancis Michelin memang telah mengakuisisi PT Multistrada Arah Sarana Tbk (MASA), dan saat ini PT Michelin Indonesia akan berfokus memanfaatkan pabrik yang dimiliki MASA. Pabrik itu digunakan untuk memproduksi ban yang akan dipakai jenis kendaraan roda dua. Seperti yang disampaikan Presiden Direktur Michelin Indonesia Steven Vette terkait rencana Michelin setelah mengakuisisi MASA. ""Sekarang kami telah memproduksi ban Michelin untuk kendaraan roda dua di pabrik Multistrada dan kami akan fokus pada pabrik itu,"" ujar Vette, dalam acara perkenalannya sebagai pimpinan baru Michelin Indonesia, di kawasan Jakarta Selatan, Selasa (10/3/2020). Perlu diketahui, pabrik MASA yang kini difokuskan untuk memproduksi ban Michelin itu berada di wilayah Cikarang Timur. Saat ini memang pabrik itu baru digunakan untuk memproduksi ban kendaraan roda dua. Namun Vette menyebut pihaknya juga berencana menggunakan pabrik tersebut sebagai lokasi produksi ban kendaraan roda empat.  .recads_wrapper{height:134px;position:relative;margin:10px 0 30px;padding:10px 15px;overflow:hidden;box-shadow:0 0 10px rgb(0 0 0 / 20%);}.recads_title{margin-bottom:10px;font-size:16px;font-weight:700}.arjW-list{overflow-x:scroll;overflow-y:hidden;white-space:nowrap;width:auto;padding:10px 0;position:relative;display:flex;scroll-snap-type:x;flex-wrap:nowrap}.recads_item{scroll-snap-align:start;width:280px;flex:0 0 280px;margin-right:20px;display: flex;white-space: normal;gap: 10px;}.recads_item a {display:flex;white-space:normal;gap:10px;}.recads_image{position:relative;height:auto}.recads_image img{width:auto;height: 73px!important;max-width:165px!important;border-radius:8px}.article_datas_title{font-size:14px;font-weight:700;line-height:1.2;margin:0;overflow:hidden;display:-webkit-box;-webkit-line-clamp:4;-webkit-box-orient:vertical;}.arjW-img-overlay{position:absolute;z-index:3;bottom:8px;left:0;padding:0 0 0 10px}.arjW-img-overlay>img{width:auto;height: 16px!important;}.recads_image::after{z-index:2;position:absolute;top:50%;bottom:4px;left:0;right:0;content:'';background:linear-gradient(to top,#d6d6d6,transparent);width:100%;border-radius: 8px;}             BERITA REKOMENDASI           Kendati demikian, Vette tidak menjelaskan terkait rinciannya namun ia mengakui bahwa saat ini untuk produk ban kendaraan roda empat masih ketergantungan pada impor. ""Ya kalau untuk saat ini kami masih fokus untuk ban motor dulu, kalau ban mobil itu kami masih impor,"" kata Vette. Oleh karena itu ia berharap pemanfaatan pabrik MASA sebagai lokasi produksi ban bisa memenuhi kebutuhan, baik untuk pasar Indonesia sendiri maupun ekspor. Sebelumnya, demi memperkuat marketnya di Indonesia, Michelin akhirnya mengakuisisi PT Multistrada Arah Sarana Tbk (MASA). Dalam keterangan persnya, Michelin telah mengakuisisi 80 persen saham MASA atau senilai 439 juta dolar AS, setara dengan Rp 6,2 triliun pada 22 Januari 2019 melalui pembiayaan internal perusahaan.";10-03-2020;https://www.tribunnews.com/bisnis/2020/03/10/michelin-indonesia-manfaatkan-pabrik-multistrada-untuk-produksi-ban-mobil-dan-motor;"tribunnews.com, jakarta - produsen ban asal prancis michelin memang telah mengakuisisi pt multistrada arah sarana tbk (masa), dan saat ini pt michelin indonesia akan berfokus memanfaatkan pabrik yang dimiliki masa. pabrik itu digunakan untuk memproduksi ban yang akan dipakai jenis kendaraan roda dua. seperti yang disampaikan presiden direktur michelin indonesia steven vette terkait rencana michelin setelah mengakuisisi masa. ""sekarang kami telah memproduksi ban michelin untuk kendaraan roda dua di pabrik multistrada dan kami akan fokus pada pabrik itu,"" ujar vette, dalam acara perkenalannya sebagai pimpinan baru michelin indonesia, di kawasan jakarta selatan, selasa (10/3/2020). perlu diketahui, pabrik masa yang kini difokuskan untuk memproduksi ban michelin itu berada di wilayah cikarang timur. saat ini memang pabrik itu baru digunakan untuk memproduksi ban kendaraan roda dua. namun vette menyebut pihaknya juga berencana menggunakan pabrik tersebut sebagai lokasi produksi ban kendaraan roda empat. berita rekomendasi kendati demikian, vette tidak menjelaskan terkait rinciannya namun ia mengakui bahwa saat ini untuk produk ban kendaraan roda empat masih ketergantungan pada impor. ""ya kalau untuk saat ini kami masih fokus untuk ban motor dulu, kalau ban mobil itu kami masih impor,"" kata vette. oleh karena itu ia berharap pemanfaatan pabrik masa sebagai lokasi produksi ban bisa memenuhi kebutuhan, baik untuk pasar indonesia sendiri maupun ekspor. sebelumnya, demi memperkuat marketnya di indonesia, michelin akhirnya mengakuisisi pt multistrada arah sarana tbk (masa). dalam keterangan persnya, michelin telah mengakuisisi 80 persen saham masa atau senilai 439 juta dolar as, setara dengan rp 6,2 triliun pada 22 januari 2019 melalui pembiayaan internal perusahaan."
Ini 3 Faktor Penyebab IHSG Terus Merosot Menurut OJK;PADANG, KOMPAS.com - Indeks Harga Saham Gabungan (IHSG) terus merosot sejak awal tahun ini. Bahkan, pada perdagangan saham di Bursa Efek Indonesia (BEI) hari ini, Kamis (12/3/2020) IHSG ditutup turun 5,01 persen ke level 4.895,75.  Deputi Komisioner Pengawasan Pasar Modal II Otoritas Jasa Keuangan (OJK) Fakhri Hilmi mengatakan, sejak awal tahun 2020 hingga saat ini IHSG sudah terkoreksi sekitar 21 persen.  “Sekarang indeks sudah liar bisa dibayangkan biasanya 6.000 sekarang 4.948 jadi year to date dari Januari sudah turun 21 persen lalu dari Maret tahun lalu sudah turun 24 persen,” katanya, di Padang, Kamis.  Menurutnya, tekanan terhadap pasar modal dunia disebabkan oleh tiga faktor eksternal, yaitu wabah virus corona, perang harga minyak, dan penurunan suku bunga oleh Bank Sentral Amerika Serikat Federal Reserve (The Fed).  Virus corona ia sebut sebagai salah satu sentimen negatif yang terus menekan kinerja ekonomi global sejak awal tahun ini.  Tekanan ini diproyeksi akan semakin kuat setelah Organisasi Kesehatan Dunia (WHO) mengumumkan status virus corona sebagai pandemi global.  “WHO semalam menyatakan ini pandemi. Sekarang Italia sudah country lockdown enggak boleh masuk dan keluar. Trump juga tidak akan menerima visitor yang berasal dari Eropa jadi semua aspek ekonomi terkena,” tuturnya.  Baca juga: Rupiah dan IHSG Terpuruk, Ini Kata Menko Airlangga  Kemudian, perang harga minyak dunia antara Rusia dan Arab Saudi juga semakin menimbulkan ketidakpastian terhadap perekonomian global.  “Kedua yang kita hadapi sekarang adalah perang harga minyak yang sudah menyentuh 30 dollar AS per barrel. Akhirnya dibalas Arab Saudi yang sekarang liftingnya 12,3 juta barel per hari dan itu 20 kali lipat lifting Indonesia,” jelasnya.  Terakhir, keputusan The Fed yang menurunkan suku bunga sebesar 50 basis poin menjadi 1,00 hingga 1,25 persen dilatarbelakangi oleh wabah Covid-19, dinilai belum efektif memberikan stimulus terhadap perekonomian global.  “Amerika kemarin meluncurkan penurunan suku bunga untuk menangkal krisis dan tidak berhasil. Kita lihat sampai sekarang indeks masih tertekan,” ujarnya. ;12-03-2020;https://money.kompas.com/read/2020/03/12/194300726/ini-3-faktor-penyebab-ihsg-terus-merosot-menurut-ojk;padang,indeks harga saham gabungan (ihsg) terus merosot sejak awal tahun ini. bahkan, pada perdagangan saham di bursa efek indonesia (bei) hari ini, kamis (12/3/2020) ihsg ditutup turun 5,01 persen ke level 4.895,75. deputi komisioner pengawasan pasar modal ii otoritas jasa keuangan (ojk) fakhri hilmi mengatakan, sejak awal tahun 2020 hingga saat ini ihsg sudah terkoreksi sekitar 21 persen. “sekarang indeks sudah liar bisa dibayangkan biasanya 6.000 sekarang 4.948 jadi year to date dari januari sudah turun 21 persen lalu dari maret tahun lalu sudah turun 24 persen,” katanya, di padang, kamis. menurutnya, tekanan terhadap pasar modal dunia disebabkan oleh tiga faktor eksternal, yaitu wabah virus corona, perang harga minyak, dan penurunan suku bunga oleh bank sentral amerika serikat federal reserve (the fed). virus corona ia sebut sebagai salah satu sentimen negatif yang terus menekan kinerja ekonomi global sejak awal tahun ini. tekanan ini diproyeksi akan semakin kuat setelah organisasi kesehatan dunia (who) mengumumkan status virus corona sebagai pandemi global. “who semalam menyatakan ini pandemi. sekarang italia sudah country lockdown enggak boleh masuk dan keluar. trump juga tidak akan menerima visitor yang berasal dari eropa jadi semua aspek ekonomi terkena,” tuturnya. baca juga: rupiah dan ihsg terpuruk, ini kata menko airlangga kemudian, perang harga minyak dunia antara rusia dan arab saudi juga semakin menimbulkan ketidakpastian terhadap perekonomian global. “kedua yang kita hadapi sekarang adalah perang harga minyak yang sudah menyentuh 30 dollar as per barrel. akhirnya dibalas arab saudi yang sekarang liftingnya 12,3 juta barel per hari dan itu 20 kali lipat lifting indonesia,” jelasnya. terakhir, keputusan the fed yang menurunkan suku bunga sebesar 50 basis poin menjadi 1,00 hingga 1,25 persen dilatarbelakangi oleh wabah covid-19, dinilai belum efektif memberikan stimulus terhadap perekonomian global. “amerika kemarin meluncurkan penurunan suku bunga untuk menangkal krisis dan tidak berhasil. kita lihat sampai sekarang indeks masih tertekan,” ujarnya. 
Tips Membeli Saham untuk Pemula Ala Lo Kheng Hong;BANDUNG, KOMPAS.com – Lo Kheng Hong, investor retail terbesar di Indonesia membagikan tips and triknya untuk memilih saham yang pas bagi pemula, khususnya mahasiswa.  Di hadapan seribuan mahasiswa di Institut Teknologi Bandung (ITB), Lo Kheng Ho membagikan empat tipsnya. Apa saja?  1. Jangan pernah membeli kucing dalam karung  Artinya, investor harus mengetahui saham apa yang akan dibeli. Caranya, pelajari dulu perusahaannya, manjemennya, bisnisnya seperti apa, laba, pertumbuhan perusahaannya, hingga valuasinya mahal atau murah.   Penanggung jawab acara sekaligus dosen MBA ITB, Erman Sumirat menambahkan, bagi pemula seperti mahasiswa mulai disiplinlah melihat laporan keuangan sebuah perusahaan.   “Ikuti public expose-nya, mengerti RUPS (Rapat Umum Pemegang Saham) seperti apa. Rencana perusahaan ke depan seperti apa, pelajari itu,” ungkapnya di Bandung, Senin (9/3/2020).  2. Waktu yang tepat  Tips selanjutnya menurut Lo Kheng Hong adalah beli di saat waktu yang tepat. Seperti saat ini merupakan waktu yang tepat, karena pasar saham di dunia sedang turun.   “Penurunan saham ini peluang emas untuk para investor. Kita bisa beli saham perusahaan bagus dengan harga yng murah. Rumusnya invest in bad time and sales in good time,” tutur Lo Kheng Hong.   Ia menambahkan, ada kalanya harga di pasar modal turun karena banyak hal. Selama yang turun bukan kinerja perusahaan tapi isu tertentu seperti corona, merupakan saat yang tepat untuk mmebeli.   Sebab jika IHSG tidak turun, sulit bagi pemula untuk mendapatkan saham bagus dengan harga murah.   “Setelah turun, biasanya pasar saham akan membaik. Seperti sekarang, kalau melihat tv, virus corona sudah membaik. Banyak yang sembuh. Penurunan ini bisa berbalik arah (harga saham kembali naik),” ungkapnya.   Seperti kejadian tahun 1998 dan 2008. Pada tahun-tahun tersebut, IHSG turun drastis. Namun setelah itu, harga kembali melonjak bahkan angkanya melebihi sebelumnya. ;09-03-2020;https://money.kompas.com/read/2020/03/09/121200926/tips-membeli-saham-untuk-pemula-ala-lo-kheng-hong?page=all;bandung,lo kheng hong, investor retail terbesar di indonesia membagikan tips and triknya untuk memilih saham yang pas bagi pemula, khususnya mahasiswa. di hadapan seribuan mahasiswa di institut teknologi bandung (itb), lo kheng ho membagikan empat tipsnya. apa saja? 1. jangan pernah membeli kucing dalam karung artinya, investor harus mengetahui saham apa yang akan dibeli. caranya, pelajari dulu perusahaannya, manjemennya, bisnisnya seperti apa, laba, pertumbuhan perusahaannya, hingga valuasinya mahal atau murah. penanggung jawab acara sekaligus dosen mba itb, erman sumirat menambahkan, bagi pemula seperti mahasiswa mulai disiplinlah melihat laporan keuangan sebuah perusahaan. “ikuti public expose-nya, mengerti rups (rapat umum pemegang saham) seperti apa. rencana perusahaan ke depan seperti apa, pelajari itu,” ungkapnya di bandung, senin (9/3/2020). 2. waktu yang tepat tips selanjutnya menurut lo kheng hong adalah beli di saat waktu yang tepat. seperti saat ini merupakan waktu yang tepat, karena pasar saham di dunia sedang turun. “penurunan saham ini peluang emas untuk para investor. kita bisa beli saham perusahaan bagus dengan harga yng murah. rumusnya invest in bad time and sales in good time,” tutur lo kheng hong. ia menambahkan, ada kalanya harga di pasar modal turun karena banyak hal. selama yang turun bukan kinerja perusahaan tapi isu tertentu seperti corona, merupakan saat yang tepat untuk mmebeli. sebab jika ihsg tidak turun, sulit bagi pemula untuk mendapatkan saham bagus dengan harga murah. “setelah turun, biasanya pasar saham akan membaik. seperti sekarang, kalau melihat tv, virus corona sudah membaik. banyak yang sembuh. penurunan ini bisa berbalik arah (harga saham kembali naik),” ungkapnya. seperti kejadian tahun 1998 dan 2008. pada tahun-tahun tersebut, ihsg turun drastis. namun setelah itu, harga kembali melonjak bahkan angkanya melebihi sebelumnya. 
Mengenal Kakebo, Budaya Menabung Orang Jepang agar Jadi Kaya;JAKARTA, KOMPAS.com - Menabung, seolah sudah jadi kesepakatan bersama, adalah salah satu cara terbaik dalam pengelolaan keuangan. Meski banyak yang mengakui menabung jadi penentu kebahagiaan di masa depan, namun masih banyak orang enggan melakukannya. Ini karena menabung tak semudah seperti yang dibayangkan. Selalu saja ada pengeluaran yang harus dibayarkan setiap bulan, termasuk biaya-biaya yang tak terduga, beberapa kebutuhan rupanya harus dibeli di luar rencana. Rencana menabung akhirnya selalu gagal. Padahal jika cermat dalam mengontrol pengeluaran, nabung bukan hal yang sulit dilakukan. Menabung pun saat ini bukan hanya mengumpulkan lalu menyimpan uangnya di bank, menabung juga bisa dilakukan dengan menyicil uang yang disisihkan lalu menempatkannya pada investasi yang relatif aman seperti emas atau membeli surat utang negara. Meski begitu, selalu saja ada alasan orang tetap sulit untuk menabung. Mungkin Anda perlu mencoba cara menabung yang banyak dijalankan oleh orang Jepang sejak zaman dulu. Dikutip dari Nakita Grid, Jumat (6/3/2020), banyak orang Jepang menerapkan pengelolaan keuangan dengan sangat ketat, termasuk di dalamnya untuk menabung, dengan Kakebo. Metode ini sudah dipopulerkan sejak tahun 1904 dan masih bertahan hingga saat ini. Tujuan Kakebo yakni mengontrol pengeluaran seminimal mungkin dan mencatat setiap pengeluaran dengan cermat untuk kemudian dievaluasi setiap minggunya. Bagaimana caranya? Setiap awal bulan, catat pemasukan atau uang yang dialokasikan untuk satu bulan. Yang paling penting, catat juga semua pengeluaran yang sifatnya sudah pasti seperti kebutuhan harian. Biasanya dalam praktik Kakebo, orang Jepang membagi jenis pengeluaran dalam empat kategori yakni pertama survival (biaya sekolah, makan, transportasi, kesehatan, dan kebutuhan pokok lain). Kedua kebutuhan opsional seperti belanja dan makan di luar. Ketiga hiburan seperti internet, buku, langganan majalah, tamasya dan sebagainya. Dan keempat pengeluaran ekstra yang merupakan pengeluaran tak terduga. Setelah menetapkan kategori pengeluaran, baru dicatat berapa uang yang tersedia dan berapa yang akan ditabung. Semua itu harus ditulis di awal bulan agar mudah dalam pencatatan dan mengoreksinya. Setelah memiliki catatan di awal bulan tentang rencana pengeluaran, baru setiap harinya Anda menulis detail semua pengeluaran untuk pembayaran yang dilakukan setiap harinya. Di akhir setiap minggu, Anda bisa melakukan evaluasi sejauh mana uang yang sudah dikeluarkan benar-benar dipakai sesuai peruntukan yang direncanakan. Catatan yang rapi setiap harinya dari waktu ke waktu, memungkinkan Anda bisa memiliki gambaran pengeluaran harian, mingguan, dan bulanan. Gambaran ini yang bisa dipakai untuk memutuskan sebarapa besar uang yang bisa ditabung dan dipakai untuk pemenuhan kebutuhan lain yang sudah direncanakan jauh hari. ;06-03-2020;https://money.kompas.com/read/2020/03/06/091905726/mengenal-kakebo-budaya-menabung-orang-jepang-agar-jadi-kaya?page=all;jakarta,menabung, seolah sudah jadi kesepakatan bersama, adalah salah satu cara terbaik dalam pengelolaan keuangan. meski banyak yang mengakui menabung jadi penentu kebahagiaan di masa depan, namun masih banyak orang enggan melakukannya. ini karena menabung tak semudah seperti yang dibayangkan. selalu saja ada pengeluaran yang harus dibayarkan setiap bulan, termasuk biaya-biaya yang tak terduga, beberapa kebutuhan rupanya harus dibeli di luar rencana. rencana menabung akhirnya selalu gagal. padahal jika cermat dalam mengontrol pengeluaran, nabung bukan hal yang sulit dilakukan. menabung pun saat ini bukan hanya mengumpulkan lalu menyimpan uangnya di bank, menabung juga bisa dilakukan dengan menyicil uang yang disisihkan lalu menempatkannya pada investasi yang relatif aman seperti emas atau membeli surat utang negara. meski begitu, selalu saja ada alasan orang tetap sulit untuk menabung. mungkin anda perlu mencoba cara menabung yang banyak dijalankan oleh orang jepang sejak zaman dulu. dikutip dari nakita grid, jumat (6/3/2020), banyak orang jepang menerapkan pengelolaan keuangan dengan sangat ketat, termasuk di dalamnya untuk menabung, dengan kakebo. metode ini sudah dipopulerkan sejak tahun 1904 dan masih bertahan hingga saat ini. tujuan kakebo yakni mengontrol pengeluaran seminimal mungkin dan mencatat setiap pengeluaran dengan cermat untuk kemudian dievaluasi setiap minggunya. bagaimana caranya? setiap awal bulan, catat pemasukan atau uang yang dialokasikan untuk satu bulan. yang paling penting, catat juga semua pengeluaran yang sifatnya sudah pasti seperti kebutuhan harian. biasanya dalam praktik kakebo, orang jepang membagi jenis pengeluaran dalam empat kategori yakni pertama survival (biaya sekolah, makan, transportasi, kesehatan, dan kebutuhan pokok lain). kedua kebutuhan opsional seperti belanja dan makan di luar. ketiga hiburan seperti internet, buku, langganan majalah, tamasya dan sebagainya. dan keempat pengeluaran ekstra yang merupakan pengeluaran tak terduga. setelah menetapkan kategori pengeluaran, baru dicatat berapa uang yang tersedia dan berapa yang akan ditabung. semua itu harus ditulis di awal bulan agar mudah dalam pencatatan dan mengoreksinya. setelah memiliki catatan di awal bulan tentang rencana pengeluaran, baru setiap harinya anda menulis detail semua pengeluaran untuk pembayaran yang dilakukan setiap harinya. di akhir setiap minggu, anda bisa melakukan evaluasi sejauh mana uang yang sudah dikeluarkan benar-benar dipakai sesuai peruntukan yang direncanakan. catatan yang rapi setiap harinya dari waktu ke waktu, memungkinkan anda bisa memiliki gambaran pengeluaran harian, mingguan, dan bulanan. gambaran ini yang bisa dipakai untuk memutuskan sebarapa besar uang yang bisa ditabung dan dipakai untuk pemenuhan kebutuhan lain yang sudah direncanakan jauh hari. 
Pandemi Global Virus Corona, Giliran Conmebol Minta Penundaan Kualifikasi Piala Dunia;"RIO DE JANEIRO, KOMPAS.com - Konfederasi Sepak Bola Amerika Selatan (Conmebol) meminta Asosiasi Federasi Sepak Bola Internasional (FIFA) menunda kualifikasi Piala Dunia 2022 untuk wilayah Amerika Selatan. Laman xinhuanet.com menulis, hari ini, permintaan itu memang erat kaitannya dengan pandemi global virus corona. AFP/ KAMARUL AKHIR Mohamadou Sumareh (tengah) berduel dengan Bayu Gatra (kanan) dan Gavin Kwan Adsit  pada laga Malaysia Vs Indonesia dalam lanjutan Kualifikasi Piala Dunia 2022 Grup G di Stadion Nasional Bukit Jalil, Selasa 19 November 2019,  Agenda pertandingan kualifikasi, sedianya digelar pada 26,27, dan 31 Maret 2020. Namun begitu, kata Conmebol, 10 negara anggotanya meminta penundaan. ""Banyak pemain federasi kami masih dalam masa karantina lantaran baru saja datang dari negara-negara klub asal tempat mereka bermain,"" kata pernyataan Conmebol. AFP/GETTY IMAGES/Ornelas Pemain Timnas Argentina Lautaro Martinez berselebrasi seusai mencetak gol ke gawang Meksiko pada laga persabahatan yang digelar di Alamodome, San Antonio, Texas, 11 September 2019. ""Selama masa karantina, tentu saja, mereka tidak bisa bermain membela negara,"" kata Conmebol lagi. AFP/FABRICE COFFRINI Paolo Guerrero merayakan gol timnas Peru ke gawang Arab Saudi pada laga uji coba jelang Piala Dunia, 3 Juni 2018.  Menurut agenda terkini, Brasil, juara dunia lima kali, akan menjamu Bolivia. Lantas, Brasil akan bertandang ke Peru. Dok. ca2015.com Striker timnas Bolivia, Marcelo Martins Moreno. Sementara, Argentina akan menjadi tuan rumah saat berlaga melawan Ekuador. Selesai itu, giliran Brasil bertamu ke Bolivia. ";12-03-2020;https://bola.kompas.com/read/2020/03/12/19281658/pandemi-global-virus-corona-giliran-conmebol-minta-penundaan-kualifikasi-piala;"rio de janeiro,konfederasi sepak bola amerika selatan (conmebol) meminta asosiasi federasi sepak bola internasional (fifa) menunda kualifikasi piala dunia 2022 untuk wilayah amerika selatan. laman xinhuanet.com menulis, hari ini, permintaan itu memang erat kaitannya dengan pandemi global virus corona. afp/ kamarul akhir mohamadou sumareh (tengah) berduel dengan bayu gatra (kanan) dan gavin kwan adsit pada laga malaysia vs indonesia dalam lanjutan kualifikasi piala dunia 2022 grup g di stadion nasional bukit jalil, selasa 19 november 2019, agenda pertandingan kualifikasi, sedianya digelar pada 26,27, dan 31 maret 2020. namun begitu, kata conmebol, 10 negara anggotanya meminta penundaan. ""banyak pemain federasi kami masih dalam masa karantina lantaran baru saja datang dari negara-negara klub asal tempat mereka bermain,"" kata pernyataan conmebol. afp/getty images/ornelas pemain timnas argentina lautaro martinez berselebrasi seusai mencetak gol ke gawang meksiko pada laga persabahatan yang digelar di alamodome, san antonio, texas, 11 september 2019. ""selama masa karantina, tentu saja, mereka tidak bisa bermain membela negara,"" kata conmebol lagi. afp/fabrice coffrini paolo guerrero merayakan gol timnas peru ke gawang arab saudi pada laga uji coba jelang piala dunia, 3 juni 2018. menurut agenda terkini, brasil, juara dunia lima kali, akan menjamu bolivia. lantas, brasil akan bertandang ke peru. dok. ca2015.com striker timnas bolivia, marcelo martins moreno. sementara, argentina akan menjadi tuan rumah saat berlaga melawan ekuador. selesai itu, giliran brasil bertamu ke bolivia. "
Perusahaan Tertua di Dunia Usianya 1.442 Tahun, Ada di Mana?;"JAKARTA, KOMPAS.com - Saat ini, banyak perusahaan di dunia yang tak bertahan lama. Sebagai contohnya, perusahaan yang masuk dalam indeks S&amp;P 500 di bursa saham Amerika Serikat, Wall Street, sebagian besar bertahan maksimal hingga dua dekade alias 20 tahunan.  Namun demikian, masih ada perusahaan di dunia yang bertahan hingga ribuan tahun.  Seperti dilansir dari FastCompany yang mengutip Businessfinancing.co.uk, Kamis (5/3/2020), perusahaan tertua di dunia saat ini adalah Kong Gumi, sebuah perusahaan konstruksi asal Jepang yang memiliki spesialisasi membangun kuil peribadatan. Perusahaan tersebut saat ini telah berusia lebih dari 14 abad, tepatnya 1.442 tahun. Kong Gumi didirikan pada tahun 578 Masehi.  Saat ini, sebagian saham dari perusahaan tersebut telah dibeli oleh sebuah konglomerasi konstruksi di Jepang. Namun demikian, hingga saat ini, bisnis pembangunan kuil masih mendominasi sektar 80 persen dari keseluruhan pendapatan perusahaan.  Di Indonesia sendiri, di dalam publikasi tersebut dikatakan, perusahaan tertua yaitu PT Pindad Indonesia (Persero) yang berdiri pada 1808.  Sebagai catatan, publikasi Business Financing dilakukan secara independen dan tidak bekerja sama dengan ahli sejarah profesional ataupun institusi akademis lain.  Di dalam publikasi tersebut, Business Financing melakukan pendataan atas perusahaan-perusahaan yang paling tua di masing-masing negara di dunia.  Namun demikian, hasil temuan tersebut bisa memberikan pandangan umum mengenai industri apa saja yang turut membentuk basis perekonomian sebuah negara.  Dalam beberapa kasus, publikasi tersebut juga mengungkapkan aspek sejarah yang lebih gelap, seperti ketika negara-negara tertentu mengumpulkan kekayaannya dari perbudakan dan kolonialisme.  Di Amerika Serikat misalnya, perusahaan tertua yang hingga saat ini masih berdiri adalah Shirley Plantation di Virginia. Perusahaan tersebut berdiri sejak 1613, dan memiliki bisnis utama perkebunan tembakau. Tembakau yang dihasilkan dikirimkan ke negara-negara jajahan dan Eropa, dan keberlanjutan bisnis perusahaan dijalankan melalui sistem perbudakan.  Kolonialisme pun juga terlihat di beberapa wilayah lain. Seperti di Kongo, perusahaan tertua di negara tersebut berdiri pada 1889 ketika negara tersebut berada di bawah jajahan Belgia. Perusahaan tersebut merupakan perusahaan pembuatan rel kereta api dengan nama Perancis Société Nationale des Chemins de Fer du Congo. Hingga saat ini, perusahaan tersebut berada di bawah kepemilikan pemerintah Congo. ";05-03-2020;https://money.kompas.com/read/2020/03/05/153300526/perusahaan-tertua-di-dunia-usianya-1442-tahun-ada-di-mana?page=all;jakarta,saat ini, banyak perusahaan di dunia yang tak bertahan lama. sebagai contohnya, perusahaan yang masuk dalam indeks sp 500 di bursa saham amerika serikat, wall street, sebagian besar bertahan maksimal hingga dua dekade alias 20 tahunan. namun demikian, masih ada perusahaan di dunia yang bertahan hingga ribuan tahun. seperti dilansir dari fastcompany yang mengutip businessfinancing.co.uk, kamis (5/3/2020), perusahaan tertua di dunia saat ini adalah kong gumi, sebuah perusahaan konstruksi asal jepang yang memiliki spesialisasi membangun kuil peribadatan. perusahaan tersebut saat ini telah berusia lebih dari 14 abad, tepatnya 1.442 tahun. kong gumi didirikan pada tahun 578 masehi. saat ini, sebagian saham dari perusahaan tersebut telah dibeli oleh sebuah konglomerasi konstruksi di jepang. namun demikian, hingga saat ini, bisnis pembangunan kuil masih mendominasi sektar 80 persen dari keseluruhan pendapatan perusahaan. di indonesia sendiri, di dalam publikasi tersebut dikatakan, perusahaan tertua yaitu pt pindad indonesia (persero) yang berdiri pada 1808. sebagai catatan, publikasi business financing dilakukan secara independen dan tidak bekerja sama dengan ahli sejarah profesional ataupun institusi akademis lain. di dalam publikasi tersebut, business financing melakukan pendataan atas perusahaan-perusahaan yang paling tua di masing-masing negara di dunia. namun demikian, hasil temuan tersebut bisa memberikan pandangan umum mengenai industri apa saja yang turut membentuk basis perekonomian sebuah negara. dalam beberapa kasus, publikasi tersebut juga mengungkapkan aspek sejarah yang lebih gelap, seperti ketika negara-negara tertentu mengumpulkan kekayaannya dari perbudakan dan kolonialisme. di amerika serikat misalnya, perusahaan tertua yang hingga saat ini masih berdiri adalah shirley plantation di virginia. perusahaan tersebut berdiri sejak 1613, dan memiliki bisnis utama perkebunan tembakau. tembakau yang dihasilkan dikirimkan ke negara-negara jajahan dan eropa, dan keberlanjutan bisnis perusahaan dijalankan melalui sistem perbudakan. kolonialisme pun juga terlihat di beberapa wilayah lain. seperti di kongo, perusahaan tertua di negara tersebut berdiri pada 1889 ketika negara tersebut berada di bawah jajahan belgia. perusahaan tersebut merupakan perusahaan pembuatan rel kereta api dengan nama perancis société nationale des chemins de fer du congo. hingga saat ini, perusahaan tersebut berada di bawah kepemilikan pemerintah congo. 
5 Manfaat Bayam bagi Kesehatan, Kuatkan Tulang hingga Jaga Jantung;KOMPAS.com - Bayam adalah salah satu jenis sayuran yang bisa dengan mudah ditemui di berbagai daerah di Indonesia. Hal itu bukan tanpa alasan. Bayam bisa dengan mudah dijumpai di Tanah Air karena memang gampang tumbuh di iklim panas dan semi gersang. Secara umum, sayuran bayam tersebut bisa dikenali memiliki dua jenis, yakni bayam liar dan bayam budi daya. Bayam liar biasanya tidak untuk dikonsumsi. Bayam ini memiliki ciri-ciri, seperti: Sedangkan bayam budi daya, biasanya memiliki ciri lain, yakni: Bayam budi daya bisa dibagi lagi menjadi dua jenis, yakni bayam cabut dan bayam petik. Seperti namanya, bayam cabut adalah bayam yang dipanen dengan cara dicabut seluruh bagian tanamannya, termasuk akar di tanah. Sementara, bayam petik merupakan bayam yang dipanen dengan cara dipetik hanya pada bagian daunnya. Di sejumlah daerah, bayam petik ini dapat ditemui bukan hanya berwana hijau segar, tetapi batangnya bisa juga kemerahan atau putih. Melansir buku The Miracle of Vegetables (2013) karya Farah Rizki, S.Gz, bayam memiliki kandungan serat yang tinggi sehingga baik untuk pencernaan. Selain serat, bayam juga mengandung banyak zat gizi lain yang bermanfaat bagi tubuh. Berikut ini kandungan gizi lengkap bayam per 100 gram bahan merujuk Tabel Komposisi Pangan Indonesia tahun 2009: Karena kandungan zat gizinya tersebut, bayam akhirnya diyakini memiliki banyak manfaat kesehatan. Melansir laman Balai Penelitian Tanaman Sayur (Balitsa) Badan Penelitian dan Pengembangan Pertanian Kementerian Pertanian (20/5/2014), ada banyak manfaat kesehatan yang bisa diraih dari mengonsumsi bayam. Beberapa di antaranya, yakni: 1. Menjaga kesehatan jantung Para peneliti dari China dan Australia pernah mengadakan penelitian yang berhasil menyimpulkan bahwa bayam mengandung folic acid yang mampu melindungi otot jantung dari meningkatnya kadar glukosa yang menyebabkan penyakit diabetes. Penelitian tersebut dilakukan pada tikus yang terkena diabetes dan menemukan bahwa unsur folic acid dalam bayam dapat mengurangi resiko serangan jantung pada tikus tersebut. Namun demikian, memang ada banyak ahli lain yang menyarankan penelitian tersebut perlu dilakukan lebih lanjut terutama terhadap manusia untuk mengurangi risiko kematian akibat penyakit diabetes. Selain folic acid, bayam juga sangat kaya akan antioksidan sehingga sangat baik untuk mencegah terkumpulnya plak kolesterol pada saluran arteri jantung. Seperti diketahui, jika bagian arteri ini sampai tersumbat, maka risiko seseorang untuk terkena serangan jantung jadi sangat tinggi. Selain itu, bayam juga bermanfaat untuk mengontrol tekanan darah yang tentu baik bagi kesehatan jantung. 2. Tulang lebih kuat Bayam diyakini juga sangat berkhasiat untuk mencegah terjadinya osteoporosis yang selama ini begitu ditakuti oleh banyak orang ketika mendekati lanjut usia (lansia). Hal itu dikarenakan bayam kaya akan vitamin K yang bisa membantu dalam penyerapan kalsium oleh tulang. 3. Mencegah kanker Bayam terbukti mengandung juga flavonoid yang mampu mencegah adanya infeksi dalam tubuh, termasuk meminimalsir kejadian kanker. Beberapa jenis kanker yang mungkin bisa diantisipasi oleh kebiasaan konsumsi bayam, di antaranya: 4. Kesehatan pembuluh darah Bayam juga kaya akan zat besi yang diperlukan tubuh untuk membangun sel darah merah yang memiliki fungsi membawa oksigen ke seluruh bagian tubuh. Seseorang yang kekurangan zat besi biasanya akan mengalami gejala: 5. Baik untuk ibu hamil Bayam mengandung zat folat dan vitamin A yang sangat bermanfaat untuk wanita yang sedang hamil. Dengan banyak mengonsumsi bayam, proses pembentukan paru-paru pada janin yang diperankan oleh vitamin A dan pembentukan sistem saraf lengkap yang diperankan oleh folat akan berjalan dengan baik.   ;10-03-2020;https://health.kompas.com/read/2020/03/10/093100668/5-manfaat-bayam-bagi-kesehatan-kuatkan-tulang-hingga-jaga-jantung?page=all&jxrecoid=6b367f9c-a630-40aa-a22c-c0de213d3613~lfa_kompas&source=widgetML&engine=V;bayam adalah salah satu jenis sayuran yang bisa dengan mudah ditemui di berbagai daerah di indonesia. hal itu bukan tanpa alasan. bayam bisa dengan mudah dijumpai di tanah air karena memang gampang tumbuh di iklim panas dan semi gersang. secara umum, sayuran bayam tersebut bisa dikenali memiliki dua jenis, yakni bayam liar dan bayam budi daya. bayam liar biasanya tidak untuk dikonsumsi. bayam ini memiliki ciri-ciri, seperti: sedangkan bayam budi daya, biasanya memiliki ciri lain, yakni: bayam budi daya bisa dibagi lagi menjadi dua jenis, yakni bayam cabut dan bayam petik. seperti namanya, bayam cabut adalah bayam yang dipanen dengan cara dicabut seluruh bagian tanamannya, termasuk akar di tanah. sementara, bayam petik merupakan bayam yang dipanen dengan cara dipetik hanya pada bagian daunnya. di sejumlah daerah, bayam petik ini dapat ditemui bukan hanya berwana hijau segar, tetapi batangnya bisa juga kemerahan atau putih. melansir buku the miracle of vegetables (2013) karya farah rizki, s.gz, bayam memiliki kandungan serat yang tinggi sehingga baik untuk pencernaan. selain serat, bayam juga mengandung banyak zat gizi lain yang bermanfaat bagi tubuh. berikut ini kandungan gizi lengkap bayam per 100 gram bahan merujuk tabel komposisi pangan indonesia tahun 2009: karena kandungan zat gizinya tersebut, bayam akhirnya diyakini memiliki banyak manfaat kesehatan. melansir laman balai penelitian tanaman sayur (balitsa) badan penelitian dan pengembangan pertanian kementerian pertanian (20/5/2014), ada banyak manfaat kesehatan yang bisa diraih dari mengonsumsi bayam. beberapa di antaranya, yakni: 1. menjaga kesehatan jantung para peneliti dari china dan australia pernah mengadakan penelitian yang berhasil menyimpulkan bahwa bayam mengandung folic acid yang mampu melindungi otot jantung dari meningkatnya kadar glukosa yang menyebabkan penyakit diabetes. penelitian tersebut dilakukan pada tikus yang terkena diabetes dan menemukan bahwa unsur folic acid dalam bayam dapat mengurangi resiko serangan jantung pada tikus tersebut. namun demikian, memang ada banyak ahli lain yang menyarankan penelitian tersebut perlu dilakukan lebih lanjut terutama terhadap manusia untuk mengurangi risiko kematian akibat penyakit diabetes. selain folic acid, bayam juga sangat kaya akan antioksidan sehingga sangat baik untuk mencegah terkumpulnya plak kolesterol pada saluran arteri jantung. seperti diketahui, jika bagian arteri ini sampai tersumbat, maka risiko seseorang untuk terkena serangan jantung jadi sangat tinggi. selain itu, bayam juga bermanfaat untuk mengontrol tekanan darah yang tentu baik bagi kesehatan jantung. 2. tulang lebih kuat bayam diyakini juga sangat berkhasiat untuk mencegah terjadinya osteoporosis yang selama ini begitu ditakuti oleh banyak orang ketika mendekati lanjut usia (lansia). hal itu dikarenakan bayam kaya akan vitamin k yang bisa membantu dalam penyerapan kalsium oleh tulang. 3. mencegah kanker bayam terbukti mengandung juga flavonoid yang mampu mencegah adanya infeksi dalam tubuh, termasuk meminimalsir kejadian kanker. beberapa jenis kanker yang mungkin bisa diantisipasi oleh kebiasaan konsumsi bayam, di antaranya: 4. kesehatan pembuluh darah bayam juga kaya akan zat besi yang diperlukan tubuh untuk membangun sel darah merah yang memiliki fungsi membawa oksigen ke seluruh bagian tubuh. seseorang yang kekurangan zat besi biasanya akan mengalami gejala: 5. baik untuk ibu hamil bayam mengandung zat folat dan vitamin a yang sangat bermanfaat untuk wanita yang sedang hamil. dengan banyak mengonsumsi bayam, proses pembentukan paru-paru pada janin yang diperankan oleh vitamin a dan pembentukan sistem saraf lengkap yang diperankan oleh folat akan berjalan dengan baik. 
             Bursa RI Pernah Disetop di Krisis 2008 & Bom 2000            ;[Gambas:Video CNBC];12-03-2020;https://www.cnbcindonesia.com/market/20200312161824-17-144434/bursa-ri-pernah-disetop-di-krisis-2008-bom-2000;[gambas:video cnbc]
             IHSG Merah, Saham Anak-Anak BRI Malah Melesat ke Batas Atas            ;Jakarta, CNBC Indonesia - Harga saham dua anak usaha PT Bank Rakyat Indonesia Tbk (BBRI) yaitu PT Bank BRI Syariah Tbk (BRIS) dan PT Bank Rakyat Indonesia Agroniaga Tbk (AGRO) melesat ke batas atas, di tengah pelemahan IHSG sepanjang perdagangan Kamis (5/3/2020).Harga saham BRIS misalnya, naik 24,51% menjadi Rp 254 per lembar saham. Sementara itu, harga saham AGRO naik 25% ke level Rp 160 per lembar saham. Keduanya menyentuh level auto reject atas, setelah menyentuh level terendah. Pada Selasa 3 Februari 2020, saham BRIS menyentuh level Rp 200, angka terendah sejak IPO. Begitu pula AGRO yang sempat menyentuh angka Rp 109 pada Senin 2 Februari 2020, terendah sejak 2016.Adapun untuk saham BRIS sepanjang perdagangan hari ini berada di kisaran Rp 204-254 per lembar saham dan diperdagangkan sebanyak 3.623 kali. Adapun nilai perdagangan saham BRIS mencapai Rp 12,4 miliar dengan jumlah saham yang diperdagangkan sebanyak 52,2 juta lembar.Investor asing nampak mendominasi perdagangan saham BRIS, terpantau aksi beli saham BRIS sebanyak 49,6% dengan nilai Rp 12,4 miliar dengan jumlah 51,9 juta lembar. Sementara untuk aksi jual mencapai 49,7% dengan jumlah saham diperdagangkan Rp 52,1 juta senilai Rp 12,4 miliar.Investor domestik terlihat tak banyak berpartisipasi, di mana hanya 0,40% aksi beli dengan nilai Rp 91 juta sebanyak 420 lembar saham. Adapun aksi jual tercatat lebih sedikit yaitu 0,23% atau senilai Rp 58 juta sebanyak 239 ribu lembar saham. Selanjutnya beralih ke saham AGRO, sepanjang perdagangan berada di kisaran Rp 122 sampai Rp 171 per lembar saham. Sebanyak 66,1 juta lembar saham senilai Rp 10,5 miliar diperdagangkan.Sama halnya dengan saham AGRO, investor asing juga mendominasi perdagangan. Berdasarkan data RTI, aksi beli tercatat sebanyak 49,9% dengan nilai Rp 10 miliar atau 66,1 juta lembar saham. Sedangkan aksi jual berada di angka yang sama 49,9% sebanyak 66,2 juta lembar saham senilai Rp Rp 10,5 miliar diperdagangkan.Aksi jual dan beli investor domestik terpantau tipis, dimana aksi beli hanya 0,05% atau sebanyak 66 ribu lembar saham senilai Rp Rp 11 juta. Sedangkan aksi jual sebanyak 0,01% sebanyak 10 ribu lembar saham senilai Rp 1,7 juta.;05-03-2020;https://www.cnbcindonesia.com/market/20200305162213-17-142772/ihsg-merah-saham-anak-anak-bri-malah-melesat-ke-batas-atas;harga saham dua anak usaha pt bank rakyat indonesia tbk (bbri) yaitu pt bank bri syariah tbk (bris) dan pt bank rakyat indonesia agroniaga tbk (agro) melesat ke batas atas, di tengah pelemahan ihsg sepanjang perdagangan kamis (5/3/2020).harga saham bris misalnya, naik 24,51% menjadi rp 254 per lembar saham. sementara itu, harga saham agro naik 25% ke level rp 160 per lembar saham. keduanya menyentuh level auto reject atas, setelah menyentuh level terendah. pada selasa 3 februari 2020, saham bris menyentuh level rp 200, angka terendah sejak ipo. begitu pula agro yang sempat menyentuh angka rp 109 pada senin 2 februari 2020, terendah sejak 2016.adapun untuk saham bris sepanjang perdagangan hari ini berada di kisaran rp 204-254 per lembar saham dan diperdagangkan sebanyak 3.623 kali. adapun nilai perdagangan saham bris mencapai rp 12,4 miliar dengan jumlah saham yang diperdagangkan sebanyak 52,2 juta lembar.investor asing nampak mendominasi perdagangan saham bris, terpantau aksi beli saham bris sebanyak 49,6% dengan nilai rp 12,4 miliar dengan jumlah 51,9 juta lembar. sementara untuk aksi jual mencapai 49,7% dengan jumlah saham diperdagangkan rp 52,1 juta senilai rp 12,4 miliar.investor domestik terlihat tak banyak berpartisipasi, di mana hanya 0,40% aksi beli dengan nilai rp 91 juta sebanyak 420 lembar saham. adapun aksi jual tercatat lebih sedikit yaitu 0,23% atau senilai rp 58 juta sebanyak 239 ribu lembar saham. selanjutnya beralih ke saham agro, sepanjang perdagangan berada di kisaran rp 122 sampai rp 171 per lembar saham. sebanyak 66,1 juta lembar saham senilai rp 10,5 miliar diperdagangkan.sama halnya dengan saham agro, investor asing juga mendominasi perdagangan. berdasarkan data rti, aksi beli tercatat sebanyak 49,9% dengan nilai rp 10 miliar atau 66,1 juta lembar saham. sedangkan aksi jual berada di angka yang sama 49,9% sebanyak 66,2 juta lembar saham senilai rp rp 10,5 miliar diperdagangkan.aksi jual dan beli investor domestik terpantau tipis, dimana aksi beli hanya 0,05% atau sebanyak 66 ribu lembar saham senilai rp rp 11 juta. sedangkan aksi jual sebanyak 0,01% sebanyak 10 ribu lembar saham senilai rp 1,7 juta.
             Ini Deretan 36 Emiten Punya Kas Jumbo, Berpotensi Buyback!            ;[Gambas:Video CNBC]  ;10-03-2020;https://www.cnbcindonesia.com/market/20200310092856-17-143675/ini-deretan-36-emiten-punya-kas-jumbo-berpotensi-buyback;[gambas:video cnbc] 
             Kenapa Emas Merosot Saat Bursa Saham Ambles? Ini Sebabnya            ;[Gambas:Video CNBC];12-03-2020;https://www.cnbcindonesia.com/market/20200312161820-17-144435/kenapa-emas-merosot-saat-bursa-saham-ambles-ini-sebabnya;[gambas:video cnbc]
             Bursa RI Rentan, KPEI Turunkan Rasio Haircut Saham            ;"Jakarta, CNBC Indonesia - PT Kliring Penjaminan Efek Indonesia (KPEI) melakukan penyesuaian dengan menurunkan nilai haircut (pemangkasan) untuk saham-saham yang berada dalam indeks LQ45.Penyesuaian nilai haircut ini dilakukan untuk penghitungan nilai agunan dan Modal Kerja Bersih Disesuaikan (MKBD) bagi perusahaan efek atau sekuritas anggota bursa (AB).MKBD adalah jumlah aset lancar perusahaan efek, dikurangi seluruh kewajiban dan ranking liabilities (kewajiban terperingkat), ditambah dengan utang subordinasi, serta dilakukan penyesuaian-penyesuaian lain, mengacu aturan Bapepam-LK No.V.D.5.Direktur Utama KPEI Sunandar mengatakan penyesuaian ini dilakukan untuk memberikan relaksasi kepada pasar sekaligus stimulus sehingga transaksi di bursa bisa lebih besar lagi. ""Dengan adanya penyesuaian nilai haircut ini diharapkan dapat merelaksasi pasar dan memberikan stimulus pada Anggota Kliring sehingga kapasitasnya meningkat dalam bertransaksi di bursa. Kebijakan ini juga diharapkan dapat meningkatkan likuiditas pasar dan mendukung agar pasar tetap kondusif dan terlaksana secara teratur, wajar serta efisien,"" kata Sunandar dalam siaran persnya, Rabu (11/3/2020).Beberapa kondisi yang melatarbelakangi kebijakan ini antara lain penurunan IHSG yang cukup signifikan dan pelemahan bursa global sejak awal 2020 akibat meluasnya virus COVID-19 di banyak negara yang juga berdampak pada melemahnya harga minyak dunia.Adapun haircut ratio adalah selisih antara harga efek di pasaran dan harga pembelian untuk dijual dalam suatu penyelesaian transaksi antara dua pihak. Selama ini, sekuritas memang memiliki acuan yang sudah diberikan KPEI, meski demikian sekuritas memiliki hak prerogatif untuk menyesuaikan nilai haircut dengan alasan tertentu.Dalam konteks perhitungan MKBD bagi sekuritas, haircut berarti faktor pengurang nilai pasar wajar efek sesuai dengan risikonya sebesar persentase tertentu dari nilai pasar wajar dari efek yang dimaksud.Misalnya MKBD sebuah perusahaan sekuritas sebesar Rp 25 miliar, di mana Rp 15 miliar adalah tunai dan Rp 10 miliarnya dari saham, maka MKBD tersebut perlu dikalkukasi terlebih dahulu dengan memasukkan unsur haircut karena dari jumlah itu ada nilai sahamnya.Adapun dalam konteks margin trading (transaksi pembelian saham dengan memanfaatkan pembiayaan dari perusahaan sekuritas atau broker/fasilitas pinjaman), haircut ratio adalah selisih antara harga efek di pasaran dan harga pembelian untuk dijual dalam suatu penyelesaian transaksi antara dua pihak.Sebagai ilustrasi, jika portofolio si investor punya saham dengan nilai haircut besar, maka si investor punya nilai pengurang trading limit yang besar sehingga nilai saham yang dijadikan jaminan berkurang senilai besarnya haircut.Misalnya, investor A memiliki saham dengan nilai pasar mencapai Rp 50 juta, dengan nilai haircut kecil (10%), maka nilai saham investor A setelah dikurangi haircut menjadi Rp 45 juta. [Gambas:Video CNBC] ";11-03-2020;https://www.cnbcindonesia.com/market/20200311172327-17-144170/bursa-ri-rentan-kpei-turunkan-rasio-haircut-saham;"pt kliring penjaminan efek indonesia (kpei) melakukan penyesuaian dengan menurunkan nilai haircut (pemangkasan) untuk saham-saham yang berada dalam indeks lq45.penyesuaian nilai haircut ini dilakukan untuk penghitungan nilai agunan dan modal kerja bersih disesuaikan (mkbd) bagi perusahaan efek atau sekuritas anggota bursa (ab).mkbd adalah jumlah aset lancar perusahaan efek, dikurangi seluruh kewajiban dan ranking liabilities (kewajiban terperingkat), ditambah dengan utang subordinasi, serta dilakukan penyesuaian-penyesuaian lain, mengacu aturan bapepam-lk no.v.d.5.direktur utama kpei sunandar mengatakan penyesuaian ini dilakukan untuk memberikan relaksasi kepada pasar sekaligus stimulus sehingga transaksi di bursa bisa lebih besar lagi. ""dengan adanya penyesuaian nilai haircut ini diharapkan dapat merelaksasi pasar dan memberikan stimulus pada anggota kliring sehingga kapasitasnya meningkat dalam bertransaksi di bursa. kebijakan ini juga diharapkan dapat meningkatkan likuiditas pasar dan mendukung agar pasar tetap kondusif dan terlaksana secara teratur, wajar serta efisien,"" kata sunandar dalam siaran persnya, rabu (11/3/2020).beberapa kondisi yang melatarbelakangi kebijakan ini antara lain penurunan ihsg yang cukup signifikan dan pelemahan bursa global sejak awal 2020 akibat meluasnya virus covid-19 di banyak negara yang juga berdampak pada melemahnya harga minyak dunia.adapun haircut ratio adalah selisih antara harga efek di pasaran dan harga pembelian untuk dijual dalam suatu penyelesaian transaksi antara dua pihak. selama ini, sekuritas memang memiliki acuan yang sudah diberikan kpei, meski demikian sekuritas memiliki hak prerogatif untuk menyesuaikan nilai haircut dengan alasan tertentu.dalam konteks perhitungan mkbd bagi sekuritas, haircut berarti faktor pengurang nilai pasar wajar efek sesuai dengan risikonya sebesar persentase tertentu dari nilai pasar wajar dari efek yang dimaksud.misalnya mkbd sebuah perusahaan sekuritas sebesar rp 25 miliar, di mana rp 15 miliar adalah tunai dan rp 10 miliarnya dari saham, maka mkbd tersebut perlu dikalkukasi terlebih dahulu dengan memasukkan unsur haircut karena dari jumlah itu ada nilai sahamnya.adapun dalam konteks margin trading (transaksi pembelian saham dengan memanfaatkan pembiayaan dari perusahaan sekuritas atau broker/fasilitas pinjaman), haircut ratio adalah selisih antara harga efek di pasaran dan harga pembelian untuk dijual dalam suatu penyelesaian transaksi antara dua pihak.sebagai ilustrasi, jika portofolio si investor punya saham dengan nilai haircut besar, maka si investor punya nilai pengurang trading limit yang besar sehingga nilai saham yang dijadikan jaminan berkurang senilai besarnya haircut.misalnya, investor a memiliki saham dengan nilai pasar mencapai rp 50 juta, dengan nilai haircut kecil (10%), maka nilai saham investor a setelah dikurangi haircut menjadi rp 45 juta. [gambas:video cnbc] "
             Buyback Saham, Seberapa Efektif Redam Kepanikan Pasar?            ; Catatan: Artikel ini merupakan opini pribadi penulis dan tidak mencerminkan pandangan Redaksi CNBCIndonesia.com  Pembelian kembali alias buyback saham menjadi perbincangan hangat di pasar modal, setelah Otoritas Jasa Keuangan (OJK) mengeluarkan Surat Edaran OJK Nomor 3/SEOJK.04/2020 tanggal 9 Maret 2020 tentang Kondisi Lain sebagai Kondisi Pasar yang Berfluktuasi Secara Signifikan dalam Pelaksanaan Pembelian Kembali Saham yang Dikeluarkan oleh Emiten atau Perusahaan Publik.Kenapa buyback saham menjadi sebuah aturan yang dapat membantu menstabilkan harga di pasar?Seberapa efektif buyback saham meredakan dan atau mengurangi efek kepanikan di pasar?Ada yang berpendapat tujuan perusahaan melantai di bursa adalah untuk mencari uang lewat menjual saham, tetapi kenapa ada aturan buyback. Tujuan dari perusahaan di dirikan dan dikelola adalah meningkatkan kesejahteraan pemegang saham. Dalam hal ini kesejahteraan kepada pemegang saham dapat berupa pengembalian kepada pemegang saham atau pun peningkatan nilai perusahaan. Pengembalian kepada pemegang saham dapat berupa dividen baik tunai maupun saham ataupun berupa saham bonus. Dividen kas mengurangi laba di tahan dan kas yang tersimpan di perusahaan untuk dibagikan kepada pemegang saham.Peningkatan nilai perusahaan untuk perusahaan publik tercermin dari peningkatan kapitalisasi pasar perusahaan tersebut. Bila jumlah saham beredar tetap maka kenaikan nilai perusahaan ditunjukkan oleh peningkatan harga saham. Hal ini bisa didapatkan dari peningkatan kinerja atau keuntungan perusahaan sehingga harga saham mengalami kenaikan.Ketika laba per lembar saham (earning per share) mengalami kenaikan, maka harga saham cenderung naik. Asumsi yang digunakan adalah harga saham akan mencerminkan nilai fundamental perusahaan tersebut.Bagaimana bila pasar bergerak anomali atau bergerak terlalu berfulktuasi secara signifikan? Besar kemungkinan harga saham akan bergerak terlalu jauh dari nilai fundamentalnya.Dalam kasus pasar saham dalam kondisi bearish (tren turun) maka besar kemungkinan banyak saham di perdagangkan jauh lebih murah dari nilai fundamentalnya.Kasus virus corona (COVID-19) beberapa saat terakhir ini menimbulkan kekhawatiran para pelaku pasar. Bukan hanya kekhawatiran terkait kesehatan tetapi juga kekhawatiran kerusakan ekonomi dan bisnis akibat penyebaran virus corona.  Kepanikan pelaku pasar sering membuat harga saham turun di luar kewajaran dan menjadi terlalu murah. Ketika pasar menjadi panik yang dilakukan sebagian pelaku pasar adalah menjual pada harga berapa pun untuk menghindari kerugian lebih dalam tanpa menyadari dan berpikir berapa nilai wajar saham tersebut.Undervalue?Di sisi lain emiten atau perusahaan publik mengetahui dengan pasti berapa nilai perusahaan. Ketika harga saham sudah terlalu jauh meninggalkan harga wajar, maka tugas manajemen memperbaikinya, salah satunya dengan membeli kembali. Karena tujuan perusahaan untuk kesejahteraan pemegang saham maka aksi buyback saham menjadi masuk akal.  Tetapi untuk melakukan buyback saham perusahaan perlu mendapat persetujuan dari RUPS (Rapat Umum Pemegang Saham), dan hal ini seringkali memakan waktu.Penulis melihat OJK memahami kondisi pasar keuangan sehingga membuat surat edaran yang mengijinkan emiten atau perusahaan publik melakukan pembelian saham kembali tanpa RUPS. Dengan aturan ini perusahaan publik atau emiten menjadi lebih leluasa melakukan kebijakan buyback ketika merasa harga sahamnya terlalu murah. Tujuan perusahaan melakukan buyback saham adalah untuk meningkatkan harga saham yang sudah terlalu murah (undervalue) dan dengan sendirinya meningkatkan nilai pemegang saham.Buyback saham meningkatkan demand saham dan ketika supply tetap, maka harga saham akan cenderung naik. Buyback saham juga mengurangi jumlah saham beredar sehingga penghasilan per lembar saham (earning per share - EPS) mengalami kenaikan.Kenaikan EPS juga mampu mendorong harga saham naik. Buyback saham juga mengurangi arus kas perusahaan sehingga mengurangi potensi masalah ke agenan.Selain hal di atas ketika sebuah perusahaan melakukan buyback saham, sebenarnya perusahaan tersebut sedang memberikan sinyal kepada pemegang saham bahwa harga saham di pasar sudah murah. Pengelola perusahaan tahu persisi apa isi perusahaan, bagaimana kinerja perusahaan dan bagaimana prospek perusahaan ke depan.Manajemen juga tahu berapa kira-kira valuasi perusahaan dan ketika dirasakan sudah terlalu jauh di atas harga pasar manajemen dapat memutuskan melakukan buyback saham. Hal inilah yang membuat banyak investor asing sangat menyukai perusahaan yang melakukan buyback saham. Karena itu pengumuman buyback saham oleh emiten mampu mengurangi tekanan jual saham dan harusnya membuat pelaku pasar berbalik melakukan pembelian saham. Hal ini mendorong harga saham naik dan menjadi lebih stabil serta dapat menghilangkan kepanikan para pelaku pasar.Tetapi apakah semua perusahaan bagus akan melakukan buyback saham? Jawabannya: belum tentu, tergantung ketersediaan kas atau dana di perusahaan.Perusahaan bagus yang tidak tersedia dana kas biasanya tidak melakukan buyback saham. Beberapa perusahaan bagus juga tidak melakukan buyback saham karena mempunyai banyak proyek perioritas yang harus dilakukan. Selain itu ada juga perusahaan yang menahan kas untuk menghadapi risiko atau masalah di masa yang akan datang.  Beberapa emiten telah melakukan buyback saham ketika pasar panik, dan rata-rata aktifitas ini berhasil menaikkan harga saham.Memang beberapa kasus ketika memulai buyback harga saham tidak langsung naik. Butuh waktu tetapi ini membuka peluang emiten melakukan pembelian di beberapa level harga dan sesudah itu harga mulai naik.Menariknya, rata-rata emiten ketika menjual kembali saham tersebut mengalai keuntungan besar. Artinya kesejahteraan pemegang saham meningkat akibat aksi buyback karena nilai perusahaan juga naik.Aturan OJK ini kami pikir memberikan keleluasaan kepada emiten melakukan strategi buyback saham untuk meningkatkan kesejahteraan pemegang saham.  ;10-03-2020;https://www.cnbcindonesia.com/opini/20200310132740-14-143765/buyback-saham-seberapa-efektif-redam-kepanikan-pasar;catatan: artikel ini merupakan opini pribadi penulis dan tidak mencerminkan pandangan redaksi cnbcindonesia.com pembelian kembali alias buyback saham menjadi perbincangan hangat di pasar modal, setelah otoritas jasa keuangan (ojk) mengeluarkan surat edaran ojk nomor 3/seojk.04/2020 tanggal 9 maret 2020 tentang kondisi lain sebagai kondisi pasar yang berfluktuasi secara signifikan dalam pelaksanaan pembelian kembali saham yang dikeluarkan oleh emiten atau perusahaan publik.kenapa buyback saham menjadi sebuah aturan yang dapat membantu menstabilkan harga di pasar?seberapa efektif buyback saham meredakan dan atau mengurangi efek kepanikan di pasar?ada yang berpendapat tujuan perusahaan melantai di bursa adalah untuk mencari uang lewat menjual saham, tetapi kenapa ada aturan buyback. tujuan dari perusahaan di dirikan dan dikelola adalah meningkatkan kesejahteraan pemegang saham. dalam hal ini kesejahteraan kepada pemegang saham dapat berupa pengembalian kepada pemegang saham atau pun peningkatan nilai perusahaan. pengembalian kepada pemegang saham dapat berupa dividen baik tunai maupun saham ataupun berupa saham bonus. dividen kas mengurangi laba di tahan dan kas yang tersimpan di perusahaan untuk dibagikan kepada pemegang saham.peningkatan nilai perusahaan untuk perusahaan publik tercermin dari peningkatan kapitalisasi pasar perusahaan tersebut. bila jumlah saham beredar tetap maka kenaikan nilai perusahaan ditunjukkan oleh peningkatan harga saham. hal ini bisa didapatkan dari peningkatan kinerja atau keuntungan perusahaan sehingga harga saham mengalami kenaikan.ketika laba per lembar saham (earning per share) mengalami kenaikan, maka harga saham cenderung naik. asumsi yang digunakan adalah harga saham akan mencerminkan nilai fundamental perusahaan tersebut.bagaimana bila pasar bergerak anomali atau bergerak terlalu berfulktuasi secara signifikan? besar kemungkinan harga saham akan bergerak terlalu jauh dari nilai fundamentalnya.dalam kasus pasar saham dalam kondisi bearish (tren turun) maka besar kemungkinan banyak saham di perdagangkan jauh lebih murah dari nilai fundamentalnya.kasus virus corona (covid-19) beberapa saat terakhir ini menimbulkan kekhawatiran para pelaku pasar. bukan hanya kekhawatiran terkait kesehatan tetapi juga kekhawatiran kerusakan ekonomi dan bisnis akibat penyebaran virus corona. kepanikan pelaku pasar sering membuat harga saham turun di luar kewajaran dan menjadi terlalu murah. ketika pasar menjadi panik yang dilakukan sebagian pelaku pasar adalah menjual pada harga berapa pun untuk menghindari kerugian lebih dalam tanpa menyadari dan berpikir berapa nilai wajar saham tersebut.undervalue?di sisi lain emiten atau perusahaan publik mengetahui dengan pasti berapa nilai perusahaan. ketika harga saham sudah terlalu jauh meninggalkan harga wajar, maka tugas manajemen memperbaikinya, salah satunya dengan membeli kembali. karena tujuan perusahaan untuk kesejahteraan pemegang saham maka aksi buyback saham menjadi masuk akal. tetapi untuk melakukan buyback saham perusahaan perlu mendapat persetujuan dari rups (rapat umum pemegang saham), dan hal ini seringkali memakan waktu.penulis melihat ojk memahami kondisi pasar keuangan sehingga membuat surat edaran yang mengijinkan emiten atau perusahaan publik melakukan pembelian saham kembali tanpa rups. dengan aturan ini perusahaan publik atau emiten menjadi lebih leluasa melakukan kebijakan buyback ketika merasa harga sahamnya terlalu murah. tujuan perusahaan melakukan buyback saham adalah untuk meningkatkan harga saham yang sudah terlalu murah (undervalue) dan dengan sendirinya meningkatkan nilai pemegang saham.buyback saham meningkatkan demand saham dan ketika supply tetap, maka harga saham akan cenderung naik. buyback saham juga mengurangi jumlah saham beredar sehingga penghasilan per lembar saham (earning per share - eps) mengalami kenaikan.kenaikan eps juga mampu mendorong harga saham naik. buyback saham juga mengurangi arus kas perusahaan sehingga mengurangi potensi masalah ke agenan.selain hal di atas ketika sebuah perusahaan melakukan buyback saham, sebenarnya perusahaan tersebut sedang memberikan sinyal kepada pemegang saham bahwa harga saham di pasar sudah murah. pengelola perusahaan tahu persisi apa isi perusahaan, bagaimana kinerja perusahaan dan bagaimana prospek perusahaan ke depan.manajemen juga tahu berapa kira-kira valuasi perusahaan dan ketika dirasakan sudah terlalu jauh di atas harga pasar manajemen dapat memutuskan melakukan buyback saham. hal inilah yang membuat banyak investor asing sangat menyukai perusahaan yang melakukan buyback saham. karena itu pengumuman buyback saham oleh emiten mampu mengurangi tekanan jual saham dan harusnya membuat pelaku pasar berbalik melakukan pembelian saham. hal ini mendorong harga saham naik dan menjadi lebih stabil serta dapat menghilangkan kepanikan para pelaku pasar.tetapi apakah semua perusahaan bagus akan melakukan buyback saham? jawabannya: belum tentu, tergantung ketersediaan kas atau dana di perusahaan.perusahaan bagus yang tidak tersedia dana kas biasanya tidak melakukan buyback saham. beberapa perusahaan bagus juga tidak melakukan buyback saham karena mempunyai banyak proyek perioritas yang harus dilakukan. selain itu ada juga perusahaan yang menahan kas untuk menghadapi risiko atau masalah di masa yang akan datang. beberapa emiten telah melakukan buyback saham ketika pasar panik, dan rata-rata aktifitas ini berhasil menaikkan harga saham.memang beberapa kasus ketika memulai buyback harga saham tidak langsung naik. butuh waktu tetapi ini membuka peluang emiten melakukan pembelian di beberapa level harga dan sesudah itu harga mulai naik.menariknya, rata-rata emiten ketika menjual kembali saham tersebut mengalai keuntungan besar. artinya kesejahteraan pemegang saham meningkat akibat aksi buyback karena nilai perusahaan juga naik.aturan ojk ini kami pikir memberikan keleluasaan kepada emiten melakukan strategi buyback saham untuk meningkatkan kesejahteraan pemegang saham. 
