Title;Content;Date;URL;Cleaned Article
 Sentimen Kenaikan Cukai Reda, Saham Rokok Mulai Mengepul ; ADVERTISEMENT   SCROLL TO CONTINUE WITH CONTENT ;06-01-2020;https://www.cnnindonesia.com/ekonomi/20200106074236-92-462654/sentimen-kenaikan-cukai-reda-saham-rokok-mulai-mengepul;
 Jumlah Kapal Asing di Natuna Tembus Seribu per Hari ; ADVERTISEMENT   SCROLL TO CONTINUE WITH CONTENT ;05-01-2020;https://www.cnnindonesia.com/ekonomi/20200105102943-92-462510/jumlah-kapal-asing-di-natuna-tembus-seribu-per-hari;
 Konsultan AS dan China Minat Kembangkan Desain Ibu Kota Baru ; ADVERTISEMENT   SCROLL TO CONTINUE WITH CONTENT ;03-01-2020;https://www.cnnindonesia.com/ekonomi/20200103143829-92-462193/konsultan-as-dan-china-minat-kembangkan-desain-ibu-kota-baru;
         Saham Blue Chip Bisa Digoreng Juga?    ;     ADVERTISEMENT         SCROLL TO CONTINUE WITH CONTENT   ;02-01-2020;https://finance.detik.com/bursa-dan-valas/d-4844339/saham-blue-chip-bisa-digoreng-juga;
         37 Cabang BCA Tutup Gara-gara Banjir    ;     ADVERTISEMENT         SCROLL TO CONTINUE WITH CONTENT   ;02-01-2020;https://finance.detik.com/moneter/d-4843734/37-cabang-bca-tutup-gara-gara-banjir;
Lippo Karawaci Jual Dua Mal Ini Senilai Rp 1,28 Triliun;"TRIBUNNEWS.COM, JAKARTA - LMIRT Management Ltd. (LMIRT), manager dari Lippo Malls Indonesia Retail Trust dan anak usaha yang dimiliki oleh PT Lippo Karawaci Tbk (LPKR) mengumumkan telah menandatangani perjanjian jual beli (CSPA) dengan NWP Retail atas penjualan kedua mall di Indonesia. Adapun total nilai transaksi sebesar Rp1,28 triliun. Mal yang dijual adalah Pejaten Village dan Binjai Supermall. Chief Executive Officer Manager REIT, James Liew berujar transaksi ini merupakan transaksi perdana setelah perubahan strategi LMIRT ke arah pengelolaan portofolio secara aktif. Di masa lampau, LMIRT menggunakan strategi beli dan pegang yang merupakan strategi pengelolaan portofolio secara pasif.  Menurutnya, Divestasi ini memberikan fleksibilitas dalam hal likuiditas untuk berinvestasi pada aset-aset baru, mengembalikan uang kas kepada para pemegang saham, atau menjajaki peluang investasi lainnya. “Melangkah ke depan, kami akan terus mengoptimalkan portofolio untuk mengoptimalkan nilai pemegang saham. Transaksi ini menunjukkan kualitas portofolio kami serta memperkuat valuasi harga unit kami,"" ujarnya dalam keterangan pers yang diterima kontan.co.id, Rabu (8/1). Harga penjualan senilai Rp 997,4 miliar untuk Pejaten Village dan Rp 283,3 miliar untuk Binjai Supermall lebih tinggi masing-masing sebesar 33.3% dan 19.3% dari harga perolehan awal sebesar Rp 748 miliar dan Rp 237,5 miliar pada saat diakuisisi di tahun 2012. Nilai tersebut juga merupakan diskon masing-masing sebesar 4,1% dan 8,3% dari nilai valuasi terbaru masing-masing mal sebesar Rp 1,04 triliun dan Rp 309 miliar. Diskon tersebut secara signifikan lebih tinggi daripada diskon tersirat NAV REIT saat ini ketika diperdagangkan.  .recads_wrapper{height:134px;position:relative;margin:10px 0 30px;padding:10px 15px;overflow:hidden;box-shadow:0 0 10px rgb(0 0 0 / 20%);}.recads_title{margin-bottom:10px;font-size:16px;font-weight:700}.arjW-list{overflow-x:scroll;overflow-y:hidden;white-space:nowrap;width:auto;padding:10px 0;position:relative;display:flex;scroll-snap-type:x;flex-wrap:nowrap}.recads_item{scroll-snap-align:start;width:280px;flex:0 0 280px;margin-right:20px;display: flex;white-space: normal;gap: 10px;}.recads_item a {display:flex;white-space:normal;gap:10px;}.recads_image{position:relative;height:auto}.recads_image img{width:auto;height: 73px!important;max-width:165px!important;border-radius:8px}.article_datas_title{font-size:14px;font-weight:700;line-height:1.2;margin:0;overflow:hidden;display:-webkit-box;-webkit-line-clamp:4;-webkit-box-orient:vertical;}.arjW-img-overlay{position:absolute;z-index:3;bottom:8px;left:0;padding:0 0 0 10px}.arjW-img-overlay>img{width:auto;height: 16px!important;}.recads_image::after{z-index:2;position:absolute;top:50%;bottom:4px;left:0;right:0;content:'';background:linear-gradient(to top,#d6d6d6,transparent);width:100%;border-radius: 8px;}             BERITA REKOMENDASI           Transaksi ini memperkuat daya tarik pasar ritel Indonesia yang didorong oleh pertumbuhan ekonomi yang kuat, kelas menengah yang bertumbuh pesat, serta demografi penduduk berusia muda dimana lebih dari separuh populasi berusia di bawah 30 tahun. Dengan ritel modern yang hanya 25% dari total ritel, mal ritel memberikan peluang pertumbuhan yang sangat besar. Mal-mal di Indonesia telah mengalami pertumbuhan jumlah kunjungan yang kuat bahkan ketika ritel online telah beroperasi. CEO LPKR, John Riady menambahkan, mal ritel akan terus menjadi bagian inti dari bisnis perseroan dan pihaknya akan terus bekerja untuk mengelola aset-aset secara proaktif untuk meningkatkan valuasi, mengidentifikasi peluang investasi, serta mengoptimalkan nilai pemegang saham. ""Dengan strategi pengelolaan portofolio secara aktif, REIT berada pada posisi yang lebih baik untuk menutup kesenjangan valuasinya dengan menjual asetnya yang memiliki harga pasar yang menarik,"" tutupnya. Sekedar informasi, LPKR mempunyai kepemilikan di dua REIT yang tercatat di bursa efek Singapura, yaitu First Real Estate Investment Trust dan Lippo Malls Indonesia Retail Trust dengan aset yang dikelola masing-masing US$ 1 miliar dan US$ 1,4 miliar, per tanggal 30 September 2019. Berita Ini Sudah Tayang di KONTAN, dengan judul: Lippo Karawaci (LPKR) jual dua mal ini seharga Rp 1,28 triliun";08-01-2020;https://www.tribunnews.com/bisnis/2020/01/08/lippo-karawaci-jual-dua-mal-ini-senilai-rp-128-triliun;"tribunnews.com, jakarta - lmirt management ltd. (lmirt), manager dari lippo malls indonesia retail trust dan anak usaha yang dimiliki oleh pt lippo karawaci tbk (lpkr) mengumumkan telah menandatangani perjanjian jual beli (cspa) dengan nwp retail atas penjualan kedua mall di indonesia. adapun total nilai transaksi sebesar rp1,28 triliun. mal yang dijual adalah pejaten village dan binjai supermall. chief executive officer manager reit, james liew berujar transaksi ini merupakan transaksi perdana setelah perubahan strategi lmirt ke arah pengelolaan portofolio secara aktif. di masa lampau, lmirt menggunakan strategi beli dan pegang yang merupakan strategi pengelolaan portofolio secara pasif. menurutnya, divestasi ini memberikan fleksibilitas dalam hal likuiditas untuk berinvestasi pada aset-aset baru, mengembalikan uang kas kepada para pemegang saham, atau menjajaki peluang investasi lainnya. “melangkah ke depan, kami akan terus mengoptimalkan portofolio untuk mengoptimalkan nilai pemegang saham. transaksi ini menunjukkan kualitas portofolio kami serta memperkuat valuasi harga unit kami,"" ujarnya dalam keterangan pers yang diterima kontan.co.id, rabu (8/1). harga penjualan senilai rp 997,4 miliar untuk pejaten village dan rp 283,3 miliar untuk binjai supermall lebih tinggi masing-masing sebesar 33.3% dan 19.3% dari harga perolehan awal sebesar rp 748 miliar dan rp 237,5 miliar pada saat diakuisisi di tahun 2012. nilai tersebut juga merupakan diskon masing-masing sebesar 4,1% dan 8,3% dari nilai valuasi terbaru masing-masing mal sebesar rp 1,04 triliun dan rp 309 miliar. diskon tersebut secara signifikan lebih tinggi daripada diskon tersirat nav reit saat ini ketika diperdagangkan. berita rekomendasi transaksi ini memperkuat daya tarik pasar ritel indonesia yang didorong oleh pertumbuhan ekonomi yang kuat, kelas menengah yang bertumbuh pesat, serta demografi penduduk berusia muda dimana lebih dari separuh populasi berusia di bawah 30 tahun. dengan ritel modern yang hanya 25% dari total ritel, mal ritel memberikan peluang pertumbuhan yang sangat besar. mal-mal di indonesia telah mengalami pertumbuhan jumlah kunjungan yang kuat bahkan ketika ritel online telah beroperasi. ceo lpkr, john riady menambahkan, mal ritel akan terus menjadi bagian inti dari bisnis perseroan dan pihaknya akan terus bekerja untuk mengelola aset-aset secara proaktif untuk meningkatkan valuasi, mengidentifikasi peluang investasi, serta mengoptimalkan nilai pemegang saham. ""dengan strategi pengelolaan portofolio secara aktif, reit berada pada posisi yang lebih baik untuk menutup kesenjangan valuasinya dengan menjual asetnya yang memiliki harga pasar yang menarik,"" tutupnya. sekedar informasi, lpkr mempunyai kepemilikan di dua reit yang tercatat di bursa efek singapura, yaitu first real estate investment trust dan lippo malls indonesia retail trust dengan aset yang dikelola masing-masing us$ 1 miliar dan us$ 1,4 miliar, per tanggal 30 september 2019. berita ini sudah tayang di kontan, dengan judul: lippo karawaci (lpkr) jual dua mal ini seharga rp 1,28 triliun"
Inovasi Terus, Kue Oleh-oleh Bandung Ini Makin Laris;"TRIBUNNEWS.COM, BANDUNG - Usai memperkenalkan varian kuenya yang pertama kali dibuka di Terminal Ledeng, Lapis Van Java dikenal dengan bolu jadul yang memiliki varian Pisang, Blueberry dan Nangka. Sebagai oleh-oleh dari Jawa Barat, Lapis Van Java terus melakukan inovasi.  Varian cake Lapis Van Java terbaru. (TRIBUNNEWS.COM/IST)  “Kita terus berinovasi untuk memberikan rasa terbaik kepada para pelanggan. Inovasi kami lakukan dengan membuat varian cake terbaru yakni Double Choco Cheese, Choco Pandan, Ubi Talas, dan Greentea Ubi,” terang Deris Yusdhistira selaku Supervisor Operasional Lapis Van Java, kepada awak media baru-baru ini. Hasilnya dari inovasi sangat menggembirakan. Varian terbaru dari Lapis Van Java membuatnya semakin diburu oleh wisatawan. Selain rasanya yang lebih nikmat dan lebih lembut, harga dari varian terbaru tetap terjangkau yakni mulai Rp25.000 hingga Rp30.000. Well, harga murah rasa lezat dunk.  Varian cake Lapis Van Java terbaru. (TRIBUNNEWS.COM/IST)  “Kami jelaskan, perbedaan dengan kue oleh-oleh yang ada di Bandung, selain teksturnya yang lembut, Lapis Van Java memberikan parutan keju yang melimpah. Dan kami punya kios yang mudah ditemukan yakni di BTC Mall, Miko Mall lantai 1, Jl Margacinta No. 168,Jl. Cibaduyut No.30, Jl. Kopo Sayati No. 217. Jadi konsumen mudah menjumpai kami,” tandas Deris. Kerennya lagi, Lapis Van Java juga memberi ruang yang luas untuk masyarakay yang ingin berbisnis atau bergabung dengannya untuk menambah penghasilan. Yakni dengan cara membuka kesempatan untuk menjadi reseller atau mitra tanpa modal.  Varian cake Lapis Van Java terbaru. (TRIBUNNEWS.COM/IST)  Sebagai bolu yang selalu ingin menjadi kebanggaan Jawa Barat, Lapis Van Java akan terus berinovasi dengan menyuguhkan sajian dan rasa terbaiknya. .recads_wrapper{height:134px;position:relative;margin:10px 0 30px;padding:10px 15px;overflow:hidden;box-shadow:0 0 10px rgb(0 0 0 / 20%);}.recads_title{margin-bottom:10px;font-size:16px;font-weight:700}.arjW-list{overflow-x:scroll;overflow-y:hidden;white-space:nowrap;width:auto;padding:10px 0;position:relative;display:flex;scroll-snap-type:x;flex-wrap:nowrap}.recads_item{scroll-snap-align:start;width:280px;flex:0 0 280px;margin-right:20px;display: flex;white-space: normal;gap: 10px;}.recads_item a {display:flex;white-space:normal;gap:10px;}.recads_image{position:relative;height:auto}.recads_image img{width:auto;height: 73px!important;max-width:165px!important;border-radius:8px}.article_datas_title{font-size:14px;font-weight:700;line-height:1.2;margin:0;overflow:hidden;display:-webkit-box;-webkit-line-clamp:4;-webkit-box-orient:vertical;}.arjW-img-overlay{position:absolute;z-index:3;bottom:8px;left:0;padding:0 0 0 10px}.arjW-img-overlay>img{width:auto;height: 16px!important;}.recads_image::after{z-index:2;position:absolute;top:50%;bottom:4px;left:0;right:0;content:'';background:linear-gradient(to top,#d6d6d6,transparent);width:100%;border-radius: 8px;}             BERITA REKOMENDASI";08-01-2020;https://www.tribunnews.com/bisnis/2020/01/08/inovasi-terus-kue-oleh-oleh-bandung-ini-makin-laris;tribunnews.com, bandung - usai memperkenalkan varian kuenya yang pertama kali dibuka di terminal ledeng, lapis van java dikenal dengan bolu jadul yang memiliki varian pisang, blueberry dan nangka. sebagai oleh-oleh dari jawa barat, lapis van java terus melakukan inovasi. varian cake lapis van java terbaru. (tribunnews.com/ist) “kita terus berinovasi untuk memberikan rasa terbaik kepada para pelanggan. inovasi kami lakukan dengan membuat varian cake terbaru yakni double choco cheese, choco pandan, ubi talas, dan greentea ubi,” terang deris yusdhistira selaku supervisor operasional lapis van java, kepada awak media baru-baru ini. hasilnya dari inovasi sangat menggembirakan. varian terbaru dari lapis van java membuatnya semakin diburu oleh wisatawan. selain rasanya yang lebih nikmat dan lebih lembut, harga dari varian terbaru tetap terjangkau yakni mulai rp25.000 hingga rp30.000. well, harga murah rasa lezat dunk. varian cake lapis van java terbaru. (tribunnews.com/ist) “kami jelaskan, perbedaan dengan kue oleh-oleh yang ada di bandung, selain teksturnya yang lembut, lapis van java memberikan parutan keju yang melimpah. dan kami punya kios yang mudah ditemukan yakni di btc mall, miko mall lantai 1, jl margacinta no. 168,jl. cibaduyut no.30, jl. kopo sayati no. 217. jadi konsumen mudah menjumpai kami,” tandas deris. kerennya lagi, lapis van java juga memberi ruang yang luas untuk masyarakay yang ingin berbisnis atau bergabung dengannya untuk menambah penghasilan. yakni dengan cara membuka kesempatan untuk menjadi reseller atau mitra tanpa modal. varian cake lapis van java terbaru. (tribunnews.com/ist) sebagai bolu yang selalu ingin menjadi kebanggaan jawa barat, lapis van java akan terus berinovasi dengan menyuguhkan sajian dan rasa terbaiknya. berita rekomendasi
Mantan Menteri Urusan Peranan Wanita Mien Sugandhi Meninggal Dunia;"JAKARTA, KOMPAS.com — Mantan Menteri Urusan Peranan Wanita yang juga politisi Partai Golkar, Mien Sugandhi, meninggal dunia pada Minggu (5/1/2020) malam. Mien Sugandhi mengembuskan napas terakhir pada pukul 21.50 WIB di RSPAD Gatot Soebroto, Jakarta. Kabar ini dibenarkan oleh Ketua DPP Partai Golkar Ace Hasan Syadzily. ""Ya, saya mendapatkan kabar meninggalnya Ibu Hj Mien Sugandhi, mantan Menteri Peranan Wanita RI dan istri dari Mayjen (Purn) Soegandhi, pendiri MKGR (Musyawarah Kekeluargaan Gotong Royong), salah satu Kino Golkar,"" kata Ace kepada Kompas.com, Senin (6/1/2020). Mewakili Partai Golkar, Ace menyampaikan belasungkawa atas kepergian Mien Sugandhi. ""Partai Golkar berbelasungkawa atas wafatnya Ibu Mien Sugandhi. Semoga amal kebaikannya diterima di sisi Tuhan YME,"" katanya. Mien Sugandhi wafat dalam usia 85 tahun. Perempuan bernama lengkap Siti Aminah Sugandhi ini lahir pada 28 Juli 1934. Mien menjabat sebagai Menteri Urusan Peranan Wanita pada era Presiden Soeharto, yaitu mulai 1993 hingga 1998. Sebelumnya, pada tahun 1977 hingga 1993, ia merupakan anggota DPR. ";06-01-2020;https://nasional.kompas.com/read/2020/01/06/08100671/mantan-menteri-urusan-peranan-wanita-mien-sugandhi-meninggal-dunia;"jakarta, kompas.com — mantan menteri urusan peranan wanita yang juga politisi partai golkar, mien sugandhi, meninggal dunia pada minggu (5/1/2020) malam. mien sugandhi mengembuskan napas terakhir pada pukul 21.50 wib di rspad gatot soebroto, jakarta. kabar ini dibenarkan oleh ketua dpp partai golkar ace hasan syadzily. ""ya, saya mendapatkan kabar meninggalnya ibu hj mien sugandhi, mantan menteri peranan wanita ri dan istri dari mayjen (purn) soegandhi, pendiri mkgr (musyawarah kekeluargaan gotong royong), salah satu kino golkar,"" kata ace kepada kompas.com, senin (6/1/2020). mewakili partai golkar, ace menyampaikan belasungkawa atas kepergian mien sugandhi. ""partai golkar berbelasungkawa atas wafatnya ibu mien sugandhi. semoga amal kebaikannya diterima di sisi tuhan yme,"" katanya. mien sugandhi wafat dalam usia 85 tahun. perempuan bernama lengkap siti aminah sugandhi ini lahir pada 28 juli 1934. mien menjabat sebagai menteri urusan peranan wanita pada era presiden soeharto, yaitu mulai 1993 hingga 1998. sebelumnya, pada tahun 1977 hingga 1993, ia merupakan anggota dpr. "
Di Denmark, Pelajaran Empati Masuk Dalam Kurikulum Pendidikan Nasional;"KOMPAS.com - Denmark secara konsisten selalu masuk dalam tiga negara paling bahagia di dunia menurut laporan PBB selama tujuh tahun terakhir. Salah satu kuncinya bisa jadi terletak di jantung sistem pendidikan Denmark mana pada tahun 1993 kurikulum pendidikan Denmark memperkenalkan kelas wajib empati. Banyak orang tidak menyadari empati merupakan keterampilan yang perlu dipelajari. Mengajarkan empati sejak usia muda tidak hanya terbukti membuat anak-anak lebih kompeten secara emosional dan sosial, tapi juga mengurangi bullying atau perundungan dan juga dapat membantu siswa menjadi lebih sukses di masa depan. Dirangkum dari Educate Inspire Change, program kelas empati di Denmark dimulai pada usia enam tahun pada tahun pertama sekolah (SD) dan berlanjut hingga usia enam belas tahun. Selama satu jam setiap minggu, anak-anak mendapatkan pelajaran empati dan masuk dalam jam mata pelajaran tersendiri. Caranya adalah dengan mengumpulkan siswa bersama dalam suasana santai dan nyaman untuk membahas masalah yang mungkin mereka hadapi dan mencoba mencari solusi bersama. Setiap masalah terbuka untuk diskusi dan dapat berupa masalah pribadi antar siswa atau kelompok, ataupun yang berkaitan dengan sekolah atau bahkan yang tidak terkait dengan sekolah. Seluruh kelas dan guru kemudian saling berdebat secara positif untuk memecahkan masalah. Guru membantu dan mengajar siswa cara menjadi pendengar yang baik dan bagaimana memahami orang lain. Bahkan saat tidak ada masalah yang diangkat sebagai bahan diskusi, kelas tetap berkumpul dan hanya bersantai. Menurut penelitian Iben Sandahl (pendidik dan penulis asal Denmark) dan Jessica Alexander (penulis dan peneliti budaya asal Amerika), Denmark mengajarkan empati dengan dua cara. Cara pertama adalah melalui kerja tim atau kerja kelompok. Hampir 60 tugas sekolah sudah menggunakan metode kerja kelompok ini. Ketimbang fokus pada kompetisi memcari yang terbaik di antara siswa, kurikulum Denmark berfokus pada membangun dan meningkatkan keterampilan dan bakat siswa yang unik satu sama lain. Cara kedua adalah melalui pembelajaran kolaboratif. Pembelajaran kolaboratif memungkinkan siswa belajar lebih banyak tentang subjek yang dihadapi serta belajar cara-cara baru untuk berkomunikasi dengan orang lain. “Seorang anak yang secara alami berbakat dalam matematika, tanpa belajar berkolaborasi dengan teman sebayanya, tidak akan melangkah lebih jauh. Mereka akan membutuhkan bantuan dalam mata pelajaran lain,"" jelas Jessica Alexander. Ia menambahkan, ""Ini adalah pelajaran yang bagus untuk mengajar anak-anak sejak usia dini bahwa (kelak) tidak ada yang bisa menjalani hidup sendirian.”  ";08-01-2020;https://edukasi.kompas.com/read/2020/01/08/11061271/di-denmark-pelajaran-empati-masuk-dalam-kurikulum-pendidikan-nasional;"kompas.com - denmark secara konsisten selalu masuk dalam tiga negara paling bahagia di dunia menurut laporan pbb selama tujuh tahun terakhir. salah satu kuncinya bisa jadi terletak di jantung sistem pendidikan denmark mana pada tahun 1993 kurikulum pendidikan denmark memperkenalkan kelas wajib empati. banyak orang tidak menyadari empati merupakan keterampilan yang perlu dipelajari. mengajarkan empati sejak usia muda tidak hanya terbukti membuat anak-anak lebih kompeten secara emosional dan sosial, tapi juga mengurangi bullying atau perundungan dan juga dapat membantu siswa menjadi lebih sukses di masa depan. dirangkum dari educate inspire change, program kelas empati di denmark dimulai pada usia enam tahun pada tahun pertama sekolah (sd) dan berlanjut hingga usia enam belas tahun. selama satu jam setiap minggu, anak-anak mendapatkan pelajaran empati dan masuk dalam jam mata pelajaran tersendiri. caranya adalah dengan mengumpulkan siswa bersama dalam suasana santai dan nyaman untuk membahas masalah yang mungkin mereka hadapi dan mencoba mencari solusi bersama. setiap masalah terbuka untuk diskusi dan dapat berupa masalah pribadi antar siswa atau kelompok, ataupun yang berkaitan dengan sekolah atau bahkan yang tidak terkait dengan sekolah. seluruh kelas dan guru kemudian saling berdebat secara positif untuk memecahkan masalah. guru membantu dan mengajar siswa cara menjadi pendengar yang baik dan bagaimana memahami orang lain. bahkan saat tidak ada masalah yang diangkat sebagai bahan diskusi, kelas tetap berkumpul dan hanya bersantai. menurut penelitian iben sandahl (pendidik dan penulis asal denmark) dan jessica alexander (penulis dan peneliti budaya asal amerika), denmark mengajarkan empati dengan dua cara. cara pertama adalah melalui kerja tim atau kerja kelompok. hampir 60 tugas sekolah sudah menggunakan metode kerja kelompok ini. ketimbang fokus pada kompetisi memcari yang terbaik di antara siswa, kurikulum denmark berfokus pada membangun dan meningkatkan keterampilan dan bakat siswa yang unik satu sama lain. cara kedua adalah melalui pembelajaran kolaboratif. pembelajaran kolaboratif memungkinkan siswa belajar lebih banyak tentang subjek yang dihadapi serta belajar cara-cara baru untuk berkomunikasi dengan orang lain. “seorang anak yang secara alami berbakat dalam matematika, tanpa belajar berkolaborasi dengan teman sebayanya, tidak akan melangkah lebih jauh. mereka akan membutuhkan bantuan dalam mata pelajaran lain,"" jelas jessica alexander. ia menambahkan, ""ini adalah pelajaran yang bagus untuk mengajar anak-anak sejak usia dini bahwa (kelak) tidak ada yang bisa menjalani hidup sendirian.” "
10 Perusahaan yang Untung Gede karena Perang, dari AS Mendominasi;JAKARTA, KOMPAS.com - Kawasan Timur Tengah tengah di ambang peperangan. Ini setelah Iran, lewat Garda Revolusi, menghujani pangkalan militer Amerika Serikat (AS) dan sekutunya di Irak dengan puluhan peluru kendali (rudal). Perang, kejadian yang merugikan umat manusia, namun di sisi lain jadi pendongkrak penjualan bagi perusahaan-perusahaan pembuat senjata. Stockholm International Peace Research Institute (SIPRI) merilis data penjualan senjata di dunia dalam kurun waktu tahun 2018. Total penjualan senjata secara global di tahun tersebut sebesar 420 miliar dollar AS atau naik 4,6 persen dibanding tahun 2017. Dikutip dari Usatoday, Lembaga riset kekuatan militer dunia yang berpusat di Swedia ini mencatat, perusahaan asal Amerika Serikat (AS) jadi yang paling mendominasi penjualan senjata maupun jasa terkait militer di berbagai belahan dunia. Negeri Paman Sam ini jadi rumah bagi setengah dari 10 perusahaan senjata terbesar di Planet Bumi. Bahkan dari daftar 100 perusahaan produsen senjata paling besar di dunia, sebanyak 43 berasal dari AS. Perusahaan-perusahaan AS itu menyumbang 59 persen dari total penjualan senjata dari 100 kontraktor pertahanan teratas yang ada secara global di tahun 2018, meningkat 7,2 persen dibandingkan tahun sebelumnya. Berikut daftar 10 perusahaan produsen senjata yang meraup untung paling besar sepanjang 2018. 1. Lockheed Martin Perusahaan ini selama bertahun-tahun jadi kontraktor pertahanan paling besar di dunia. Tahun 2017, perusahaan ini mencatatkan kontrak sebesar 47,26 miliar dollar AS, jauh menggungguli pesaingnya Boeing yang jadi rival terdekatnya. Lockheed Marthin memproduksi berbagai kebutuhan militer seperti jet tempur F-16, F-22, dan seri terbaru jet siluman F-35. Produk lainnya antara lain radar, kapal selam, dan peluru kendali (rudal). Hampir sebagian besar penjualannya diperuntukkan untuk militer AS atau sekitar 70 persennya. Tahun 2018, keuntungan perusahaan menembus 7,27 miliar dollar AS, dengan porsi penjualan senjata sebanyak 88 persen. 2. Boeing Dicatat SIPRI, Boeing menghasilkan 29,15 miliar dollar AS dari penjualan senjata dan jasa terkait militer di 2018, menempatkannya sebagai perusahaan senjata paling besar kedua di dunia. Meski lini bisnis utamanya adalah pesawat terbang, penjualan senjata berkontribusi 29 persen dari total sales. Pendapatan utamanya masih tetap berasal dari pesawat komersial seri 737, 747, 767, 777, dan 787. Di tahun yang sama, perusahaan membukukan keuntungan 19,64 miliar 3. Northrop Grumman Corp ;08-01-2020;https://money.kompas.com/read/2020/01/08/145703226/10-perusahaan-yang-untung-gede-karena-perang-dari-as-mendominasi?page=all;jakarta, kompas.com - kawasan timur tengah tengah di ambang peperangan. ini setelah iran, lewat garda revolusi, menghujani pangkalan militer amerika serikat (as) dan sekutunya di irak dengan puluhan peluru kendali (rudal). perang, kejadian yang merugikan umat manusia, namun di sisi lain jadi pendongkrak penjualan bagi perusahaan-perusahaan pembuat senjata. stockholm international peace research institute (sipri) merilis data penjualan senjata di dunia dalam kurun waktu tahun 2018. total penjualan senjata secara global di tahun tersebut sebesar 420 miliar dollar as atau naik 4,6 persen dibanding tahun 2017. dikutip dari usatoday, lembaga riset kekuatan militer dunia yang berpusat di swedia ini mencatat, perusahaan asal amerika serikat (as) jadi yang paling mendominasi penjualan senjata maupun jasa terkait militer di berbagai belahan dunia. negeri paman sam ini jadi rumah bagi setengah dari 10 perusahaan senjata terbesar di planet bumi. bahkan dari daftar 100 perusahaan produsen senjata paling besar di dunia, sebanyak 43 berasal dari as. perusahaan-perusahaan as itu menyumbang 59 persen dari total penjualan senjata dari 100 kontraktor pertahanan teratas yang ada secara global di tahun 2018, meningkat 7,2 persen dibandingkan tahun sebelumnya. berikut daftar 10 perusahaan produsen senjata yang meraup untung paling besar sepanjang 2018. 1. lockheed martin perusahaan ini selama bertahun-tahun jadi kontraktor pertahanan paling besar di dunia. tahun 2017, perusahaan ini mencatatkan kontrak sebesar 47,26 miliar dollar as, jauh menggungguli pesaingnya boeing yang jadi rival terdekatnya. lockheed marthin memproduksi berbagai kebutuhan militer seperti jet tempur f-16, f-22, dan seri terbaru jet siluman f-35. produk lainnya antara lain radar, kapal selam, dan peluru kendali (rudal). hampir sebagian besar penjualannya diperuntukkan untuk militer as atau sekitar 70 persennya. tahun 2018, keuntungan perusahaan menembus 7,27 miliar dollar as, dengan porsi penjualan senjata sebanyak 88 persen. 2. boeing dicatat sipri, boeing menghasilkan 29,15 miliar dollar as dari penjualan senjata dan jasa terkait militer di 2018, menempatkannya sebagai perusahaan senjata paling besar kedua di dunia. meski lini bisnis utamanya adalah pesawat terbang, penjualan senjata berkontribusi 29 persen dari total sales. pendapatan utamanya masih tetap berasal dari pesawat komersial seri 737, 747, 767, 777, dan 787. di tahun yang sama, perusahaan membukukan keuntungan 19,64 miliar 3. northrop grumman corp 
Perhatikan 5 Pertanyaan Ini Sebelum Merancang Ruang Kerja di Rumah;KOMPAS.com - Bekerja di rumah kini menjadi salah satu pilihan di tengah kemudahan teknologi. Para pekerja saat ini tidak harus bertatap muka langsung dengan para kolega. Tentu saja, tidak semua jenis pekerjaan bisa dilakukan di rumah. Bekerja dari rumah bisa lebih efektif jika didukung dengan keberadaan ruangan khusus. Ruangan ini selain berfungsi menunjang aktivitas, juga bisa menjadi sumber inspirasi. Untuk itulah kini, banyak orang yang ramai mendesain ruangan khusus untuk bekerja. Tetapi kebutuhan akan ruang kerja tak hanya tentang persoalan desain saja, namun juga fungsinya. Dengan demikian, sebelum mendesain ruang kerja pribadi di rumah, ada baiknya menjawab pertanyaan-pertanyaan berikut terlebih dahulu, seperti dilansir dari laman Enterpreneur: 1. Jenis pekerjaan apa yang perlu dilakukan? Apakah Anda merupakan seorang seniman yang membutuhkan ruang yang cukup besar, atau Anda seorang desainer grafis yang hanya memerlukan ruangan cukup untuk beberapa peralatan saja? Setiap jenis pekerjaan tentu memiliki kebutuhan yang berbeda. Mengenali tipe pekerjaan menjadi hal yang paing penting sebelum memutuskan untuk membuat ruang kerja sendiri di rumah. Ini karena Anda harus menyiapkan beberapa benda yang sesuai dengan jenis pekerjaan, seperti tempat penyimpanan ekstra, meja kerja dengan monitor layar lebar, atau meja dengan mesin printer berbagai ukuran. Langkah selanjutnya adalah mengatur ruang Anda. Di mana Anda akan meletakkan kantor Anda? Tidak perlu besar atau ekspansif, tetapi harus terpisah dari area lain. Anda mungkin dapat mengubah ruang tamu yang hanya Anda gunakan beberapa kali setahun atau area lain yang kurang dimanfaatkan menjadi ruang kerja. Setelah itu, buat atau letakkan tempat penyimpanan di ruangan tersebut. Simpan semua pekerjaan di ruang itu agar Anda mudah menemukan sesuatu. Tempat penyimpanan ini juga berfungsi menjaga ruangan lajn agar bebas dari benda-benda yang terkait dengan pekerjaan. Pengelompokan ruangan memungkinkan Anda untuk bersantai di rumah saat Anda tidak bekerja. 2. Apakah akan ada klien yang akan mengunjungi ruang itu? Atau apakah rekan kerja Anda akan berkunjung untuk melakukan kolaborasi? ;01-01-2020;https://properti.kompas.com/read/2020/01/01/090000321/perhatikan-5-pertanyaan-ini-sebelum-merancang-ruang-kerja-di-rumah?page=all;bekerja di rumah kini menjadi salah satu pilihan di tengah kemudahan teknologi. para pekerja saat ini tidak harus bertatap muka langsung dengan para kolega. tentu saja, tidak semua jenis pekerjaan bisa dilakukan di rumah. bekerja dari rumah bisa lebih efektif jika didukung dengan keberadaan ruangan khusus. ruangan ini selain berfungsi menunjang aktivitas, juga bisa menjadi sumber inspirasi. untuk itulah kini, banyak orang yang ramai mendesain ruangan khusus untuk bekerja. tetapi kebutuhan akan ruang kerja tak hanya tentang persoalan desain saja, namun juga fungsinya. dengan demikian, sebelum mendesain ruang kerja pribadi di rumah, ada baiknya menjawab pertanyaan-pertanyaan berikut terlebih dahulu, seperti dilansir dari laman enterpreneur: 1. jenis pekerjaan apa yang perlu dilakukan? apakah anda merupakan seorang seniman yang membutuhkan ruang yang cukup besar, atau anda seorang desainer grafis yang hanya memerlukan ruangan cukup untuk beberapa peralatan saja? setiap jenis pekerjaan tentu memiliki kebutuhan yang berbeda. mengenali tipe pekerjaan menjadi hal yang paing penting sebelum memutuskan untuk membuat ruang kerja sendiri di rumah. ini karena anda harus menyiapkan beberapa benda yang sesuai dengan jenis pekerjaan, seperti tempat penyimpanan ekstra, meja kerja dengan monitor layar lebar, atau meja dengan mesin printer berbagai ukuran. langkah selanjutnya adalah mengatur ruang anda. di mana anda akan meletakkan kantor anda? tidak perlu besar atau ekspansif, tetapi harus terpisah dari area lain. anda mungkin dapat mengubah ruang tamu yang hanya anda gunakan beberapa kali setahun atau area lain yang kurang dimanfaatkan menjadi ruang kerja. setelah itu, buat atau letakkan tempat penyimpanan di ruangan tersebut. simpan semua pekerjaan di ruang itu agar anda mudah menemukan sesuatu. tempat penyimpanan ini juga berfungsi menjaga ruangan lajn agar bebas dari benda-benda yang terkait dengan pekerjaan. pengelompokan ruangan memungkinkan anda untuk bersantai di rumah saat anda tidak bekerja. 2. apakah akan ada klien yang akan mengunjungi ruang itu? atau apakah rekan kerja anda akan berkunjung untuk melakukan kolaborasi? 
Mengenal Lagi Naturalisasi, Cara Anies Baswedan Atasi Banjir Jakarta;JAKARTA, KOMPAS.com - Hujan yang mengguyur Jakarta jelang malam pergantian tahun hingga pagi ini, Rabu (1/1/2019) membuat sejumlah wilayah di Jakarta terendam banjir. Tak pelak, genangan air yang sampai setinggi lutut orang dewasa di beberapa wilayah ini membuat ibu kota lumpuh. Banyak jalanan tak bisa dilewati kendaraan. Kejadian banjir di Jakarta hari ini mengingatkan pada upaya-upaya yang dilakukan Pemprov DKI Jakarta untuk mengatasi banjir. Di Jakarta sendiri, banjir sudah jadi masalah turun-temurun, bahkan sejak kota ini masih bernama Batavia. Setiap gubernur DKI Jakarta dari masa ke masa, memiliki cara berbeda mengatasi banjir. Mengingat Jakarta yang taki hanya sebagai pusat pemerintahan, namun juga pusat bisnis. Melansir pemberitaan Harian Kompas, 6 Mei 2019, Gubernur DKI Jakarta Anies Baswedan punya program andalan naturalisasi sebagai solusi banjir ibu kota. Dalam program naturalisasi, Anies berjanji tidak ada penggusuran dalam merevitalisasi sungai. Ia mengedepankan konsep naturalisasi, seperti tertuang dalam Peraturan Gubernur DKI Nomor 31 Tahun 2019 tentang Pembangunan dan Revitalisasi Prasarana Sumber Daya Air secara Terpadu dengan Konsep Naturalisasi. Di dalam Pergub, naturalisasi didefinisikan sebagai cara mengelola prasarana sumber daya air melalui konsep pengembangan ruang terbuka hijau dengan tetap memperhatikan kapasitas tampungan, fungsi pengendalian banjir, dan konservasi. Salah satu penerapan naturalisasi di sungai adalah menggunakan bronjong batu kali untuk turap sungai. Penggunaan bronjong mengharuskan tebing sungai harus landai. Ini berbeda dengan konsep turap beton dalam normalisasi. Karena tebing mesti landai, Pemprov DKI harus menyediakan lahan selebar minimal 12,5 meter masing-masing di kiri dan kanan sungai untuk membuat tebing. Dengan demikian, lebar lahan yang mesti tersedia, termasuk untuk daerah sempadan, 80-90 meter. Selain itu, naturalisasi juga banyak dipraktikkan dengan menanami bantaran kali yang sudah bersih dan lebar dengan berbagai tanaman. Sejak 2018, pelebaran sungai yang sebelumnya dilakukan Balai Besar Wilayah Sungai Ciliwung-Cisadane di Sungai Ciliwung terhenti. Hal ini karena lahan yang dibebaskan untuk melanjutkan pelebaran sungai itu belum memadai. Di Kali Krukut, pembebasan lahan juga terhenti. Sebelumnya, warga di bantaran Krukut sudah didata untuk pembebasan lahan. Namun, sejak 2018 tak ada kelanjutan program ini. Peraturan Kementerian Pekerjaan Umum dan Perumahan Rakyat Nomor 28/PRT/M/2018 tentang Penetapan Garis Sempadan Sungai dan Garis Sempadan Danau menetapkan bahwa garis sempadan sungai tidak bertanggul di dalam kawasan perkotaan berjarak 10 meter dari tepi kiri-kanan palung sungai dengan kedalaman sungai kurang dari atau sama dengan 3 meter, 15 meter, 20 meter, dan 30 meter. ;01-01-2020;https://money.kompas.com/read/2020/01/01/173226026/mengenal-lagi-naturalisasi-cara-anies-baswedan-atasi-banjir-jakarta?page=all;jakarta,hujan yang mengguyur jakarta jelang malam pergantian tahun hingga pagi ini, rabu (1/1/2019) membuat sejumlah wilayah di jakarta terendam banjir. tak pelak, genangan air yang sampai setinggi lutut orang dewasa di beberapa wilayah ini membuat ibu kota lumpuh. banyak jalanan tak bisa dilewati kendaraan. kejadian banjir di jakarta hari ini mengingatkan pada upaya-upaya yang dilakukan pemprov dki jakarta untuk mengatasi banjir. di jakarta sendiri, banjir sudah jadi masalah turun-temurun, bahkan sejak kota ini masih bernama batavia. setiap gubernur dki jakarta dari masa ke masa, memiliki cara berbeda mengatasi banjir. mengingat jakarta yang taki hanya sebagai pusat pemerintahan, namun juga pusat bisnis. melansir pemberitaan harian kompas, 6 mei 2019, gubernur dki jakarta anies baswedan punya program andalan naturalisasi sebagai solusi banjir ibu kota. dalam program naturalisasi, anies berjanji tidak ada penggusuran dalam merevitalisasi sungai. ia mengedepankan konsep naturalisasi, seperti tertuang dalam peraturan gubernur dki nomor 31 tahun 2019 tentang pembangunan dan revitalisasi prasarana sumber daya air secara terpadu dengan konsep naturalisasi. di dalam pergub, naturalisasi didefinisikan sebagai cara mengelola prasarana sumber daya air melalui konsep pengembangan ruang terbuka hijau dengan tetap memperhatikan kapasitas tampungan, fungsi pengendalian banjir, dan konservasi. salah satu penerapan naturalisasi di sungai adalah menggunakan bronjong batu kali untuk turap sungai. penggunaan bronjong mengharuskan tebing sungai harus landai. ini berbeda dengan konsep turap beton dalam normalisasi. karena tebing mesti landai, pemprov dki harus menyediakan lahan selebar minimal 12,5 meter masing-masing di kiri dan kanan sungai untuk membuat tebing. dengan demikian, lebar lahan yang mesti tersedia, termasuk untuk daerah sempadan, 80-90 meter. selain itu, naturalisasi juga banyak dipraktikkan dengan menanami bantaran kali yang sudah bersih dan lebar dengan berbagai tanaman. sejak 2018, pelebaran sungai yang sebelumnya dilakukan balai besar wilayah sungai ciliwung-cisadane di sungai ciliwung terhenti. hal ini karena lahan yang dibebaskan untuk melanjutkan pelebaran sungai itu belum memadai. di kali krukut, pembebasan lahan juga terhenti. sebelumnya, warga di bantaran krukut sudah didata untuk pembebasan lahan. namun, sejak 2018 tak ada kelanjutan program ini. peraturan kementerian pekerjaan umum dan perumahan rakyat nomor 28/prt/m/2018 tentang penetapan garis sempadan sungai dan garis sempadan danau menetapkan bahwa garis sempadan sungai tidak bertanggul di dalam kawasan perkotaan berjarak 10 meter dari tepi kiri-kanan palung sungai dengan kedalaman sungai kurang dari atau sama dengan 3 meter, 15 meter, 20 meter, dan 30 meter. 
Terkepung Banjir di Kelapa Gading, Pasangan Ini Tetap Langsungkan Pernikahan;"JAKARTA, KOMPAS.com - Bencana tak menghalangi pasangan Feri Eko Susanto (28) dan Syifa Fauziah (22) mengikrarkan janji suci. Ditengah banjir yang menggenangi kawasan Pegangsaan Dua, Kelapa Gading, Jakarta Utara, pada Kamis (2/1/2020), kedua pasangan tersebut melaksanakan pernikahan mereka. Berdasarkan pantauan Kompas.com di Jalan Inspeksi yang berada di pinggir Kali Anak Sunter, Pegangsaan Dua banjir menggenang kawasan tersebut dari 20-80 sentimeter. Untuk mengakses kediaman pasangan tersebut, warga harus menerjang banjir dengan berjalan kaki atau perahu karet yang disediakan Pemprov DKI Jakarta. Dari pinggir jalan Gang Masjid menuju kediaman pasangan itu warga harus melewati banjir sejauh 100 meter. Namun untungnya, air tidak sampai menggenangi rumah pasangan pengantin baru ini. Hujan sangat lebat yang turun kemarin memang sempat membuat pasangan ini was-was rumah mereka ikut tergenang banjir. ""Pengennya sih terang, ya tapi namanya cuaca disyukuri aja,"" kata Feri kepada Kompas.com. Namun undangan yang sudah disebar, katering dan dekorasi yang sudah dipesan membuat mereka tak bisa menunda hari pernikahan. ""Kan kita udah nyebar undangan, jadi (kalau diundur) malu,"" ujar Syifa sambil tertawa. Kecemasan serupa juga sempat dirasakan ibunda Syifa bermana Samiih (40). Terlebih ketika hujan kembali turun tadi malam. Undangan-undangan mereka juga menyangka bahwa pernikahan tersebut batal. Akan tetapi acara harus tetap dilaksakan. Untungnya hari ini cuaca cerah dan banjir tetap tidak menggenangi rumah mereka. KOMPAS.COM/JIMMY RAMADHAN AZHARI Pasangan di Pegangsaan Dua, Kelapa Gading yang masih tetap berlangsung meski terkepung banjir pada Kamis (2/2/2020)Namun, kendala tam hanya berhenti di situ, listrik padam dan tidak adanya air bersih juga cukup menyulitkan mereka. ""Nyuci piring aja kagak ada air nya, mau bikin kue kagak ada air, pakai galon,"" ujar Samiih. Meski gelap-gelapan dan segala keterbatasan, hari bahagia tentu harus berbahagia. Sama sekali tak ada raut kemalangan atau kesedihan di wajah mereka. Saat berbincang-bincang dengan tamu yang datang pun mereka tak henti-hentinya tertawa. ""Ya setidaknya hari ini bisa jadi cerita muat anak nanti,"" kata Ferry sambil tersenyum lepas. ";02-01-2020;https://megapolitan.kompas.com/read/2020/01/02/18212071/terkepung-banjir-di-kelapa-gading-pasangan-ini-tetap-langsungkan;"jakarta,bencana tak menghalangi pasangan feri eko susanto (28) dan syifa fauziah (22) mengikrarkan janji suci. ditengah banjir yang menggenangi kawasan pegangsaan dua, kelapa gading, jakarta utara, pada kamis (2/1/2020), kedua pasangan tersebut melaksanakan pernikahan mereka. berdasarkan pantauan kompas.com di jalan inspeksi yang berada di pinggir kali anak sunter, pegangsaan dua banjir menggenang kawasan tersebut dari 20-80 sentimeter. untuk mengakses kediaman pasangan tersebut, warga harus menerjang banjir dengan berjalan kaki atau perahu karet yang disediakan pemprov dki jakarta. dari pinggir jalan gang masjid menuju kediaman pasangan itu warga harus melewati banjir sejauh 100 meter. namun untungnya, air tidak sampai menggenangi rumah pasangan pengantin baru ini. hujan sangat lebat yang turun kemarin memang sempat membuat pasangan ini was-was rumah mereka ikut tergenang banjir. ""pengennya sih terang, ya tapi namanya cuaca disyukuri aja,"" kata feri kepada kompas.com. namun undangan yang sudah disebar, katering dan dekorasi yang sudah dipesan membuat mereka tak bisa menunda hari pernikahan. ""kan kita udah nyebar undangan, jadi (kalau diundur) malu,"" ujar syifa sambil tertawa. kecemasan serupa juga sempat dirasakan ibunda syifa bermana samiih (40). terlebih ketika hujan kembali turun tadi malam. undangan-undangan mereka juga menyangka bahwa pernikahan tersebut batal. akan tetapi acara harus tetap dilaksakan. untungnya hari ini cuaca cerah dan banjir tetap tidak menggenangi rumah mereka. kompas.com/jimmy ramadhan azhari pasangan di pegangsaan dua, kelapa gading yang masih tetap berlangsung meski terkepung banjir pada kamis (2/2/2020)namun, kendala tam hanya berhenti di situ, listrik padam dan tidak adanya air bersih juga cukup menyulitkan mereka. ""nyuci piring aja kagak ada air nya, mau bikin kue kagak ada air, pakai galon,"" ujar samiih. meski gelap-gelapan dan segala keterbatasan, hari bahagia tentu harus berbahagia. sama sekali tak ada raut kemalangan atau kesedihan di wajah mereka. saat berbincang-bincang dengan tamu yang datang pun mereka tak henti-hentinya tertawa. ""ya setidaknya hari ini bisa jadi cerita muat anak nanti,"" kata ferry sambil tersenyum lepas. "
             Transaksi Susut Rp 4,17 T, Karena Penggoreng Saham Disikat?            ;[Gambas:Video CNBC];02-01-2020;https://www.cnbcindonesia.com/market/20200102165256-17-127181/transaksi-susut-rp-417-t-karena-penggoreng-saham-disikat;[gambas:video cnbc]
             Jokowi: 2020 Momentum Sikat Manipulator Pasar Modal            ;[Gambas:Video CNBC];02-01-2020;https://www.cnbcindonesia.com/market/20200102094858-17-127023/jokowi-2020-momentum-sikat-manipulator-pasar-modal;[gambas:video cnbc]
             Apa Itu Saham Gorengan? Ini Definisi, Ciri-ciri, dan Tipsnya            ;[Gambas:Video CNBC] TIM RISET CNBC INDONESIA;02-01-2020;https://www.cnbcindonesia.com/mymoney/20200102162008-72-127172/apa-itu-saham-gorengan-ini-definisi-ciri-ciri-dan-tipsnya;[gambas:video cnbc] tim riset cnbc indonesia
             Barito Pacific Akuisisi Lahan Di Banten Senilai Rp 1,13 T            ;Jakarta, CNBC Indonesia - Entitas anak PT Barito Pacific Tbk (BRPT), PT Indo Raya tenaga melakukan akuisisi lahan seluas total 62 hektar di kelurahan lebak gede, Cilegon, Banten dari PT Barito Wahana Lestari dengan penilaian wajar nilai akuisisi mencapai  Rp 1,13 triliun. Transaksi ini merupakan transaksi afiliasi karena ada hubungan antara barito pacific, barito wahana lestari, dan indo raya tenaga.Simak informasi selengkapnya dalam program Profit di CNBC Indonesia (Kamis, 02/01/2020) berikut ini.;04-01-2020;https://www.cnbcindonesia.com/market/20200102162308-19-127173/barito-pacific-akuisisi-lahan-di-banten-senilai-rp-113-t;entitas anak pt barito pacific tbk (brpt), pt indo raya tenaga melakukan akuisisi lahan seluas total 62 hektar di kelurahan lebak gede, cilegon, banten dari pt barito wahana lestari dengan penilaian wajar nilai akuisisi mencapai rp 1,13 triliun. transaksi ini merupakan transaksi afiliasi karena ada hubungan antara barito pacific, barito wahana lestari, dan indo raya tenaga.simak informasi selengkapnya dalam program profit di cnbc indonesia (kamis, 02/01/2020) berikut ini.
             Harga Emas Diramal Rp 900.000/gram, Bisakah Jadi Kenyataan?            ;[Gambas:Twitter] [Gambas:Video CNBC] [Gambas:Video CNBC];03-01-2020;https://www.cnbcindonesia.com/market/20200102222121-17-127263/harga-emas-diramal-rp-900000-gram-bisakah-jadi-kenyataan;[gambas:twitter] [gambas:video cnbc] [gambas:video cnbc]
             Terungkap! Pembeli Pejaten Village Juga Investor Gojek            ;"Jakarta, CNBC Indonesia - Grup Lippo melalui LMIRT Management Ltd, pengelola Lippo Malls Indonesia Retail Trust (LMIR Trust), melepas dua aset mal mereka yakni Pejaten Village dan Binjai Supermall kepada PT Nirvana Wastu Pratama (NWP Retail), perusahaan patungan antara Warburg Pincus dan PT City Retail Developments Tbk. (NIRO).Nilai total penjualan berdasarkan perjanjian jual beli bersyarat (conditional sales and purchase agreement/CSPA) yakni mencapai US$ 92 juta atau Rp 1,30 triliun (asumsi kurs Rp 14.200/US$).Penjualan lewat REITs (real estate investment trust) atau DIRE (dana investasi real estate) itu resmi diinformasikan perusahaan dalam situs resmi NWP Retail pada 31 Desember lalu. LMIR Trust adalah satu-satunya produk REITs (real estate investment trust) atau DIRE (dana investasi real estate) milik perusahaan Indonesia yang tercatat di Bursa Singapura (SGX) sejak 19 November 2007.Dengan REITs ini, perusahaan properti dan real estate dapat menjual aset yang dimilikinya kepada publik melalui skema penerbitan instrumen ini.Pejaten Village di Kemang (Jakarta Selatan) memiliki luas 89.157 meter persegi dan Binjai Supermall dengan luas 36.000 meter persegi berlokasi di Binjai (Sumatera Utara) yang merupakan kota satelit kedua terbesar di luar Pulau Jawa. Kedua mal ini memiliki tingkat hunian lebih dari 90%.Presiden Direktur dan CEO NWP Retail Timothy Daly mengatakan akuisisi ini memperkuat pengembangan bisnis perusahaan di lokasi kota tier-1 dan tier-2 di Indonesia.""Akuisisi ini merupakan tonggak dalam ekspansi cepat NWP Retail. Ini akan memperkuat kehadiran perusahaan di pasar-pasar utama di kota Tier-1 dan Tier-2 di Indonesia dan memperluas pasar lebih jauh posisi terdepan sebagai platform pusat perbelanjaan ritel independen terbesar di Indonesia,"" kata Timothy dalam siaran persnya, Selasa (31/12/2019). Lantas siapa sebetulnya NWP Retail, Warburg Pincus, dan City Retail Developments?NWP Retail adalah pengelola pusat perbelanjaan di Indonesia dan mengklaim menjadi salah satu pengembang pusat perbelanjaan terbesar dengan pertumbuhan tercepat di mana Warburg Pincus sebagai co-founder dan salah satu pemegang saham terbesar.Didirikan bersama pada 2015 Warburg Pincus dan City Retail Developments, NWP Retail fokus pada pengembangan pusat perbelanjaan multi-tenant di kota-kota penting di Indonesia.Sejak didirikan, NWP Retail memiliki portofolio sebesar 33 proyek yang mencakup lebih dari 800.000 meter persegi gross floor area(GFA). Beberapa mal yang dikelola di antaranya yakni Cirebon Super Block (CSB) Mall, Cirebon Swiss-Bell Hotel, The Park Semarang & Hotel, Citimall Gorontalo dan Citiplaza Bogor, serta beberapa lainnya.Dalam keterangan resminya, di akhir Desember 2019, NWP juga mengantongi dana segar senilai US$ 200 juta (Rp 2,8 triliun) dari Korean Teachers' Credit Union (KTCU), The CITIC Securities One-Belt-One-Road (CSOBOR) Fund dan Warburg Pincus.Penggalangan dana ini diklaim sebagai salah satu penggalangan dana oleh perusahaan real estate swasta terbesar di Indonesia.Adapun Warburg Pincus LLC adalah private equity yang berbasis di New York dengan cakupan investasi di AS, Eropa, Brazil, China, Asia Tenggara dan India. Perusahaan ini sudah beroperasi sejak 1966 sebagai private equity.Situs resminya mencatat, perusahaan yang didirikan lebih dari 50 tahun yang lalu ini telah menginvestasikan lebih dari US$ 79 miliar di lebih dari 880 perusahaan dari 40 lebih negara di seluruh dunia. Dana investasi itu setara dengan Rp 1.122 triliun. Sejarah perusahaan ini akarnya dari pendirian EM. Warburg & Co., pada tahun 1939. Perusahaan ini lalu diakuisisi oleh Lionel I. Pincus & Co. pada 1966 dan membentuk Warburg Pincus. John Vogelstein bergabung dengan Lionel Pincus dan bersama-sama mereka membantu membangun industri private equity.Menariknya, jika ditelusuri portofolio investasi mereka sejauh ini berdasarkan wilayah, untuk Indonesia ada dua yakni Gojek yang dimulai sejak 2016 dan NWP Retail sejak 2015.Di sisi lain, City Retail Developments adalah salah satu emiten di Bursa Efek Indonesia dengan kode saham NIRO. Perusahaan ini dulunya bernama PT Nirwana Development Tbk lalu pada 14 Mei 2018 mengubah menjadi PT City Retail Developments Tbk. [Gambas:Video CNBC]";01-01-2020;https://www.cnbcindonesia.com/market/20191231233627-17-126819/terungkap-pembeli-pejaten-village-juga-investor-gojek;"grup lippo melalui lmirt management ltd, pengelola lippo malls indonesia retail trust (lmir trust), melepas dua aset mal mereka yakni pejaten village dan binjai supermall kepada pt nirvana wastu pratama (nwp retail), perusahaan patungan antara warburg pincus dan pt city retail developments tbk. (niro).nilai total penjualan berdasarkan perjanjian jual beli bersyarat (conditional sales and purchase agreement/cspa) yakni mencapai us$ 92 juta atau rp 1,30 triliun (asumsi kurs rp 14.200/us$).penjualan lewat reits (real estate investment trust) atau dire (dana investasi real estate) itu resmi diinformasikan perusahaan dalam situs resmi nwp retail pada 31 desember lalu. lmir trust adalah satu-satunya produk reits (real estate investment trust) atau dire (dana investasi real estate) milik perusahaan indonesia yang tercatat di bursa singapura (sgx) sejak 19 november 2007.dengan reits ini, perusahaan properti dan real estate dapat menjual aset yang dimilikinya kepada publik melalui skema penerbitan instrumen ini.pejaten village di kemang (jakarta selatan) memiliki luas 89.157 meter persegi dan binjai supermall dengan luas 36.000 meter persegi berlokasi di binjai (sumatera utara) yang merupakan kota satelit kedua terbesar di luar pulau jawa. kedua mal ini memiliki tingkat hunian lebih dari 90%.presiden direktur dan ceo nwp retail timothy daly mengatakan akuisisi ini memperkuat pengembangan bisnis perusahaan di lokasi kota tier-1 dan tier-2 di indonesia.""akuisisi ini merupakan tonggak dalam ekspansi cepat nwp retail. ini akan memperkuat kehadiran perusahaan di pasar-pasar utama di kota tier-1 dan tier-2 di indonesia dan memperluas pasar lebih jauh posisi terdepan sebagai platform pusat perbelanjaan ritel independen terbesar di indonesia,"" kata timothy dalam siaran persnya, selasa (31/12/2019). lantas siapa sebetulnya nwp retail, warburg pincus, dan city retail developments?nwp retail adalah pengelola pusat perbelanjaan di indonesia dan mengklaim menjadi salah satu pengembang pusat perbelanjaan terbesar dengan pertumbuhan tercepat di mana warburg pincus sebagai co-founder dan salah satu pemegang saham terbesar.didirikan bersama pada 2015 warburg pincus dan city retail developments, nwp retail fokus pada pengembangan pusat perbelanjaan multi-tenant di kota-kota penting di indonesia.sejak didirikan, nwp retail memiliki portofolio sebesar 33 proyek yang mencakup lebih dari 800.000 meter persegi gross floor area(gfa). beberapa mal yang dikelola di antaranya yakni cirebon super block (csb) mall, cirebon swiss-bell hotel, the park semarang & hotel, citimall gorontalo dan citiplaza bogor, serta beberapa lainnya.dalam keterangan resminya, di akhir desember 2019, nwp juga mengantongi dana segar senilai us$ 200 juta (rp 2,8 triliun) dari korean teachers' credit union (ktcu), the citic securities one-belt-one-road (csobor) fund dan warburg pincus.penggalangan dana ini diklaim sebagai salah satu penggalangan dana oleh perusahaan real estate swasta terbesar di indonesia.adapun warburg pincus llc adalah private equity yang berbasis di new york dengan cakupan investasi di as, eropa, brazil, china, asia tenggara dan india. perusahaan ini sudah beroperasi sejak 1966 sebagai private equity.situs resminya mencatat, perusahaan yang didirikan lebih dari 50 tahun yang lalu ini telah menginvestasikan lebih dari us$ 79 miliar di lebih dari 880 perusahaan dari 40 lebih negara di seluruh dunia. dana investasi itu setara dengan rp 1.122 triliun. sejarah perusahaan ini akarnya dari pendirian em. warburg & co., pada tahun 1939. perusahaan ini lalu diakuisisi oleh lionel i. pincus & co. pada 1966 dan membentuk warburg pincus. john vogelstein bergabung dengan lionel pincus dan bersama-sama mereka membantu membangun industri private equity.menariknya, jika ditelusuri portofolio investasi mereka sejauh ini berdasarkan wilayah, untuk indonesia ada dua yakni gojek yang dimulai sejak 2016 dan nwp retail sejak 2015.di sisi lain, city retail developments adalah salah satu emiten di bursa efek indonesia dengan kode saham niro. perusahaan ini dulunya bernama pt nirwana development tbk lalu pada 14 mei 2018 mengubah menjadi pt city retail developments tbk. [gambas:video cnbc]"
             Wow! Timur Tengah Membara, Harga Emas Melambung            ;[Gambas:Video CNBC];03-01-2020;https://www.cnbcindonesia.com/market/20200103093647-17-127305/wow-timur-tengah-membara-harga-emas-melambung;[gambas:video cnbc]
             Streaming! Upaya Sarinah Menjadi Pusat Pengembangan UMKM            ;[Gambas:Video CNBC];01-01-2020;https://www.cnbcindonesia.com/entrepreneur/20200101155333-25-126936/streaming-upaya-sarinah-menjadi-pusat-pengembangan-umkm;[gambas:video cnbc]
