Title;Content;Date;URL;Cleaned Article
 Satu Karyawan Bank Mandiri Diduga Terinfeksi Corona ; ADVERTISEMENT   SCROLL TO CONTINUE WITH CONTENT ;16-03-2020;https://www.cnnindonesia.com/ekonomi/20200316134214-78-483829/satu-karyawan-bank-mandiri-diduga-terinfeksi-corona;
 Melihat Kapasitas Wisma Atlet, Lokasi Isolasi Pasien Corona ; ADVERTISEMENT   SCROLL TO CONTINUE WITH CONTENT ;18-03-2020;https://www.cnnindonesia.com/ekonomi/20200318163126-92-484626/melihat-kapasitas-wisma-atlet-lokasi-isolasi-pasien-corona;
 Satu Karyawan CIMB Niaga Positif Corona ; ADVERTISEMENT   SCROLL TO CONTINUE WITH CONTENT ;16-03-2020;https://www.cnnindonesia.com/ekonomi/20200316115634-78-483808/satu-karyawan-cimb-niaga-positif-corona;
 Cegah Corona, Pekerja di Jakarta Sepakat Kerja dari Rumah ; ADVERTISEMENT   SCROLL TO CONTINUE WITH CONTENT ;14-03-2020;https://www.cnnindonesia.com/ekonomi/20200314034350-92-483339/cegah-corona-pekerja-di-jakarta-sepakat-kerja-dari-rumah;
 Corona, Bandara Kulon Progo Tetap Akan Operasi Penuh 29 Maret ; ADVERTISEMENT   SCROLL TO CONTINUE WITH CONTENT ;20-03-2020;https://www.cnnindonesia.com/ekonomi/20200320101940-92-485238/corona-bandara-kulon-progo-tetap-akan-operasi-penuh-29-maret;
         3 Perusahaan Kapal Pesiar Raksasa Setop Operasi Gara-gara Corona    ;"Pandemi virus corona membuat sebagian besar industri kapal pesiar menghentikan operasinya. Royal Caribbean dan Norwegian Cruises mengehntikan operasinya sementara waktu pada Jumat kemarin. Norwegian Cruises mengumumkan penangguhan operasi hingga 11 April dan Royal Caribbean juga menghentikannya selama 30 hari ke depan. Keputusan ini diumumkan setelah Princess Cruises Carnival menangguhkan operasi hingga 10 Mei. Industri pelayaran terpukul dengan wabah ini. Terlebih lagi ada kasus penyebaran virus yang terjadi antara penumpang dan awak kapal.      ADVERTISEMENT         SCROLL TO CONTINUE WITH CONTENT    Saham Royal dan Norwegia dihentikan perdagangannya pada Jumat sebelum keputusan penghentian operasi. Saham Royal ditutup naik 7% sedangkan Norwegian Cruises ditutup naik lebih dari 15%. Namun, saham ketiga raksasa pesiar ini sudah anjlok 60% sejak awal tahun. ""Dengan virus corona yang mempengaruhi masyarakat di seluruh dunia, kami telah memberlakukan penangguhan sementara pelayaran pesiar,"" kata CEO Norwegia Frank Del Rio dikutip dari CNBC, Sabtu (14/3/2020). Para turis yang sudah terlanjur membeli tiket memilih menerima pengembalian uang sebesar 125% yang bisa diterima di periode berikutnya, atau uang tunai 100%. Pengumuman ini dirilis setelah Presiden Amerika Serikat (AS) Donald Trump menyatakan darurat nasional karena pandemi virus corona.";14-03-2020;https://finance.detik.com/berita-ekonomi-bisnis/d-4938885/3-perusahaan-kapal-pesiar-raksasa-setop-operasi-gara-gara-corona;"pandemi virus corona membuat sebagian besar industri kapal pesiar menghentikan operasinya. royal caribbean dan norwegian cruises mengehntikan operasinya sementara waktu pada jumat kemarin. norwegian cruises mengumumkan penangguhan operasi hingga 11 april dan royal caribbean juga menghentikannya selama 30 hari ke depan. keputusan ini diumumkan setelah princess cruises carnival menangguhkan operasi hingga 10 mei. industri pelayaran terpukul dengan wabah ini. terlebih lagi ada kasus penyebaran virus yang terjadi antara penumpang dan awak kapal. saham royal dan norwegia dihentikan perdagangannya pada jumat sebelum keputusan penghentian operasi. saham royal ditutup naik 7% sedangkan norwegian cruises ditutup naik lebih dari 15%. namun, saham ketiga raksasa pesiar ini sudah anjlok 60% sejak awal tahun. ""dengan virus corona yang mempengaruhi masyarakat di seluruh dunia, kami telah memberlakukan penangguhan sementara pelayaran pesiar,"" kata ceo norwegia frank del rio dikutip dari cnbc, sabtu (14/3/2020). para turis yang sudah terlanjur membeli tiket memilih menerima pengembalian uang sebesar 125% yang bisa diterima di periode berikutnya, atau uang tunai 100%. pengumuman ini dirilis setelah presiden amerika serikat (as) donald trump menyatakan darurat nasional karena pandemi virus corona."
Rupiah Tembus Rp 16 Ribu, Pengamat Ekonomi: Ini Risiko yang Tak Bisa Diihindarkan;"TRIBUNNEWS.COM - Nilai tukar rupiah terhadap dolar Amerika Serikat (AS) kembali melemah. Pada Kamis (19/3/2020) sore, rupiah kurs tengah Bank Indonesia (BI) anjlok ke level Rp 15.919 per dolar AS. Pelemahan rupiah ini terjadi setelah adanya lonjakan kematian akibat virus corona di Indonesia. Bahkan, di antara negara-negara di Asia Tenggara, tingkat kematian akibat virus corona di Indonesia adalah yang tertinggi. Terkait dengan hal itu, Pengamat Ekonomi Fakultas Ekonomi dan Bisnis Universitas Sebelas Maret, Retno Tanding memberikan tanggapannya.  Ilustrasi (TRIBUNNEWS/SYAHRIZAL SIDIK)  Baca: Rupiah Nyaris Sundul Rp 16.000 Per USD, Menko Airlangga: Ikuti Mekanisme Pasar Dulu Baca: Update Nilai Tukar Rupiah per Kamis 19 Maret 2020 Sore: Melemah hingga Rp 15.712 per Dollar AS Ia mengatakan, Indonesia dan semua negara di dunia sedang menghadapi krisis yang luar biasa. Menurutnya, wabah virus corona sangat berdampak terhadap kondisi ekonomi di dunia.  .recads_wrapper{height:134px;position:relative;margin:10px 0 30px;padding:10px 15px;overflow:hidden;box-shadow:0 0 10px rgb(0 0 0 / 20%);}.recads_title{margin-bottom:10px;font-size:16px;font-weight:700}.arjW-list{overflow-x:scroll;overflow-y:hidden;white-space:nowrap;width:auto;padding:10px 0;position:relative;display:flex;scroll-snap-type:x;flex-wrap:nowrap}.recads_item{scroll-snap-align:start;width:280px;flex:0 0 280px;margin-right:20px;display: flex;white-space: normal;gap: 10px;}.recads_item a {display:flex;white-space:normal;gap:10px;}.recads_image{position:relative;height:auto}.recads_image img{width:auto;height: 73px!important;max-width:165px!important;border-radius:8px}.article_datas_title{font-size:14px;font-weight:700;line-height:1.2;margin:0;overflow:hidden;display:-webkit-box;-webkit-line-clamp:4;-webkit-box-orient:vertical;}.arjW-img-overlay{position:absolute;z-index:3;bottom:8px;left:0;padding:0 0 0 10px}.arjW-img-overlay>img{width:auto;height: 16px!important;}.recads_image::after{z-index:2;position:absolute;top:50%;bottom:4px;left:0;right:0;content:'';background:linear-gradient(to top,#d6d6d6,transparent);width:100%;border-radius: 8px;}             BERITA REKOMENDASI           ""Sebelumnya kan baru kelihatan saat bahan baku kesulitan pasokan karena bahan bakunya berasal China."" ""Tapi kemudian masuk ke sektor yang lain seperti IHSG juga meluncur jatuh."" ""Hari ini akhirnya kita melihat, sampai juga pada nilai tukar rupiah yang mencapai Rp 16 ribu,"" ujar Retno kepada Tribunnews.com. ""Saya kira ini tidak hanya dihadapi Indonesia, tapi banyak negara di dunia mengalami hal serupa,"" lanjutnya. Ia menegaskan, virus corona yang telah menjadi pandemi juga jadi masalah di banyak negara di dunia. ""Ini adalah risiko yang tidak bisa dihindarkan karena masalah kesehatan yang kita hadapi bersama,"" ungkap Retno. Retno mengatakan, tidak bisa memastikan sampai kapan rupiah akan melemah. Menurutnya, saat ini China tengah berada di fase pemulihan wabah virus corona. Baca: Imbas dari Virus Corona, Air Tahiti Nui Jadi Punya Penerbangan Terjauh di Dunia Baca: Langkah Mudah Membuat Hand Sanitizer di Rumah, Bisa Cegah Corona, Lengkap dengan Videonya Untuk itu, Retno berharap, setelah ini China bisa membantu negara-negara di dunia dalam menghadapi wabah yang muncul pertama kali di Kota Wuhan ini. ""Kita melihatnya gini di Wuhan, mereka mengisolasi dua bulan dan ia selesai dengan masalah itu."" ""Saya kira ini saatnya China mengulurkan tangan untuk membantu negara-negara yang saat ini bermasalah dengan virus corona."" ""Sekaligus dia (China) membangkitkan lagi kegiatan ekonominya,"" ungkapnya. Ia juga mengatakan, sebenarnya Eropa dan Amerika Serikat pun tidak siap dengan krisis yang ditimbulkan akibat wabah ini. ""Yang kita lihat negara yang bisa mengatasi dengan baik kan China dan Korea Selatan sementara yang lainnya masih mencari cara terbaik,"" terang Retno. Ia memperkirakan, lemahnya rupiah terhadap dolar AS akan berlangsung agak panjang. ""Kalau kita melihat situasi di Indonesia, bisa jadi memang agak panjang."" ""Tentunya saat ini kita masih menghitung, kira-kira akan sampai berapa bulan kita akan menghadapi kasus corona ini di Indonesia,"" terang Retno. Jika berdasarkan status darurat corona yang diperpanjang sampai 29 Mei 2020, maka rupiah juga akan melemah sampai saat itu. ""Masih panjang, tapi mudah-mudahan kita bisa bertahan dengan mengutamakan sisi kemanusiaan kita,"" terangnya. Menurutnya, dampak dari rupiah yang melemah juga dapat dilihat dari Indeks Harga Saham Gabungan (IHSG) yang juga anjlok. Baca: Soal Mudik di Tengah Wabah Corona, Maruf Amin: Saat Ini Menjaga Diri Lebih Dianjurkan Baca: Jokowi Umumkan Hasil Tes Corona: Saya dan Ibu Iriana Dinyatakan Negatif Namun, Retno mengatakan, ada jalan yang bisa menyelamatkan Indonesia dari krisis ekonomi ini. Yakni saat masyarakat Indonesia tetap berbelanja. ""Salah satu yang menyelamatkan Indonesia itu penduduk Indonesia tetap belanja dan itu sudah menyelamatkan kita berkali-kali."" ""Jadi ketika semuanya melemah, ketika orang Indonesia tetap belanja tetap ada harapan, pabrik itu akan tetap berproduksi untuk memenuhi permintaan orang Indoensia,"" ungkapnya. Menurutnya, dengan tetap berbelanja dan pabrik tetap berproduksi, akan mengurangi kemungkinan PHK massal. ""Diharapkan ekonomi ini akan terus berjalan, dan kalau ekonomi tetap jalan harapannya akan memperlambat datangnya krisis ke Indonesia,"" terangnya. (Tribunnews.com/Nanda Lusiana Saputri)";19-03-2020;https://www.tribunnews.com/bisnis/2020/03/19/rupiah-tembus-rp-16-ribu-pengamat-ekonomi-ini-risiko-yang-tak-bisa-diihindarkan;"tribunnews.com - nilai tukar rupiah terhadap dolar amerika serikat (as) kembali melemah. pada kamis (19/3/2020) sore, rupiah kurs tengah bank indonesia (bi) anjlok ke level rp 15.919 per dolar as. pelemahan rupiah ini terjadi setelah adanya lonjakan kematian akibat virus corona di indonesia. bahkan, di antara negara-negara di asia tenggara, tingkat kematian akibat virus corona di indonesia adalah yang tertinggi. terkait dengan hal itu, pengamat ekonomi fakultas ekonomi dan bisnis universitas sebelas maret, retno tanding memberikan tanggapannya. ilustrasi (tribunnews/syahrizal sidik) baca: rupiah nyaris sundul rp 16.000 per usd, menko airlangga: ikuti mekanisme pasar dulu baca: update nilai tukar rupiah per kamis 19 maret 2020 sore: melemah hingga rp 15.712 per dollar as ia mengatakan, indonesia dan semua negara di dunia sedang menghadapi krisis yang luar biasa. menurutnya, wabah virus corona sangat berdampak terhadap kondisi ekonomi di dunia. berita rekomendasi ""sebelumnya kan baru kelihatan saat bahan baku kesulitan pasokan karena bahan bakunya berasal china."" ""tapi kemudian masuk ke sektor yang lain seperti ihsg juga meluncur jatuh."" ""hari ini akhirnya kita melihat, sampai juga pada nilai tukar rupiah yang mencapai rp 16 ribu,"" ujar retno kepada tribunnews.com. ""saya kira ini tidak hanya dihadapi indonesia, tapi banyak negara di dunia mengalami hal serupa,"" lanjutnya. ia menegaskan, virus corona yang telah menjadi pandemi juga jadi masalah di banyak negara di dunia. ""ini adalah risiko yang tidak bisa dihindarkan karena masalah kesehatan yang kita hadapi bersama,"" ungkap retno. retno mengatakan, tidak bisa memastikan sampai kapan rupiah akan melemah. menurutnya, saat ini china tengah berada di fase pemulihan wabah virus corona. baca: imbas dari virus corona, air tahiti nui jadi punya penerbangan terjauh di dunia baca: langkah mudah membuat hand sanitizer di rumah, bisa cegah corona, lengkap dengan videonya untuk itu, retno berharap, setelah ini china bisa membantu negara-negara di dunia dalam menghadapi wabah yang muncul pertama kali di kota wuhan ini. ""kita melihatnya gini di wuhan, mereka mengisolasi dua bulan dan ia selesai dengan masalah itu."" ""saya kira ini saatnya china mengulurkan tangan untuk membantu negara-negara yang saat ini bermasalah dengan virus corona."" ""sekaligus dia (china) membangkitkan lagi kegiatan ekonominya,"" ungkapnya. ia juga mengatakan, sebenarnya eropa dan amerika serikat pun tidak siap dengan krisis yang ditimbulkan akibat wabah ini. ""yang kita lihat negara yang bisa mengatasi dengan baik kan china dan korea selatan sementara yang lainnya masih mencari cara terbaik,"" terang retno. ia memperkirakan, lemahnya rupiah terhadap dolar as akan berlangsung agak panjang. ""kalau kita melihat situasi di indonesia, bisa jadi memang agak panjang."" ""tentunya saat ini kita masih menghitung, kira-kira akan sampai berapa bulan kita akan menghadapi kasus corona ini di indonesia,"" terang retno. jika berdasarkan status darurat corona yang diperpanjang sampai 29 mei 2020, maka rupiah juga akan melemah sampai saat itu. ""masih panjang, tapi mudah-mudahan kita bisa bertahan dengan mengutamakan sisi kemanusiaan kita,"" terangnya. menurutnya, dampak dari rupiah yang melemah juga dapat dilihat dari indeks harga saham gabungan (ihsg) yang juga anjlok. baca: soal mudik di tengah wabah corona, maruf amin: saat ini menjaga diri lebih dianjurkan baca: jokowi umumkan hasil tes corona: saya dan ibu iriana dinyatakan negatif namun, retno mengatakan, ada jalan yang bisa menyelamatkan indonesia dari krisis ekonomi ini. yakni saat masyarakat indonesia tetap berbelanja. ""salah satu yang menyelamatkan indonesia itu penduduk indonesia tetap belanja dan itu sudah menyelamatkan kita berkali-kali."" ""jadi ketika semuanya melemah, ketika orang indonesia tetap belanja tetap ada harapan, pabrik itu akan tetap berproduksi untuk memenuhi permintaan orang indoensia,"" ungkapnya. menurutnya, dengan tetap berbelanja dan pabrik tetap berproduksi, akan mengurangi kemungkinan phk massal. ""diharapkan ekonomi ini akan terus berjalan, dan kalau ekonomi tetap jalan harapannya akan memperlambat datangnya krisis ke indonesia,"" terangnya. (tribunnews.com/nanda lusiana saputri)"
Cegah Penyebaran Corona, Bank Mandiri Terapkan Work From Home;"TRIBUNNEWS.COM, JAKARTA - PT Bank Mandiri Tbk menerapkan konsep work from home (WFH) menyusul imbauan pemerintah untuk mengurangi kegiatan di luar rumah, untuk mengurangi potensi penyebaran virus corona (Covid-19). “Dalam kondisi seperti ini, prioritas kami tentu adalah kesehatan serta keselamatan nasabah dan karyawan. Di sebagian besar unit kerja, Bank Mandiri juga mengimplementasikan split team dan Work From Home,” kata Corporate Secretary Bank Mandiri Rully Setiawan dalam keterangan resmi yang diterima Kontan.co.id, Senin (16/3). Baca: Tipe Istri Idaman Alshad Ahmad, Disebut Sultan Punya Rumah Rp300 M, Raffi: Jangan Cuma Cinta Duit Lu Baca: Tes Rambut Ririn Ekawati Dinyatakan Negatif, Akui Tak Tahu Asisten Gunakan Obat Terlarang Adapun cabang-cabang Bank Mandiri, lanjut Rully, tetap beroperasi normal dengan jam operasional 08.00-15.00 WIB untuk memenuhi kebutuhan nasabah. Terkait dengan upaya pencegahan penyebaran Covid-19, Bank Mandiri menyarankan nasabah dapat menggunakan aplikasi Mandiri Online terbaru yang dapat melayani berbagai kebutuhan transaksi keuangan nasabah. Bahkan, seiring dengan transformasi digital Bank Mandiri, saat ini masyarakat luas juga dapat melakukan pembukaan rekening tabungan di mana pun, tanpa harus datang ke kantor bank maupun bertemu dengan staff perbankan di Bank Mandiri. ""Semua keperluan untuk pembukaan tabungan dapat dilakukan dengan video call,"" kata Rully. Selain itu, nasabah juga dapat menggunakan layanan ATM 24 Jam, baik untuk tarik tunai maupun setor tunai. Saat ini, Mandiri memiliki 18.291 unit ATM yang terhubung dalam jaringan ATM Link, ATM Bersama, ATM Prima dan Visa/Plus, EDC serta jaringan e-banking lainnya.  .recads_wrapper{height:134px;position:relative;margin:10px 0 30px;padding:10px 15px;overflow:hidden;box-shadow:0 0 10px rgb(0 0 0 / 20%);}.recads_title{margin-bottom:10px;font-size:16px;font-weight:700}.arjW-list{overflow-x:scroll;overflow-y:hidden;white-space:nowrap;width:auto;padding:10px 0;position:relative;display:flex;scroll-snap-type:x;flex-wrap:nowrap}.recads_item{scroll-snap-align:start;width:280px;flex:0 0 280px;margin-right:20px;display: flex;white-space: normal;gap: 10px;}.recads_item a {display:flex;white-space:normal;gap:10px;}.recads_image{position:relative;height:auto}.recads_image img{width:auto;height: 73px!important;max-width:165px!important;border-radius:8px}.article_datas_title{font-size:14px;font-weight:700;line-height:1.2;margin:0;overflow:hidden;display:-webkit-box;-webkit-line-clamp:4;-webkit-box-orient:vertical;}.arjW-img-overlay{position:absolute;z-index:3;bottom:8px;left:0;padding:0 0 0 10px}.arjW-img-overlay>img{width:auto;height: 16px!important;}.recads_image::after{z-index:2;position:absolute;top:50%;bottom:4px;left:0;right:0;content:'';background:linear-gradient(to top,#d6d6d6,transparent);width:100%;border-radius: 8px;}             BERITA REKOMENDASI           Berita Ini Sudah Tayang di KONTAN, dengan judul: Hadapi virus corona, Bank Mandiri terapkan Work From Home";17-03-2020;https://www.tribunnews.com/bisnis/2020/03/17/cegah-penyebaran-corona-bank-mandiri-terapkan-work-from-home;"tribunnews.com, jakarta - pt bank mandiri tbk menerapkan konsep work from home (wfh) menyusul imbauan pemerintah untuk mengurangi kegiatan di luar rumah, untuk mengurangi potensi penyebaran virus corona (covid-19). “dalam kondisi seperti ini, prioritas kami tentu adalah kesehatan serta keselamatan nasabah dan karyawan. di sebagian besar unit kerja, bank mandiri juga mengimplementasikan split team dan work from home,” kata corporate secretary bank mandiri rully setiawan dalam keterangan resmi yang diterima kontan.co.id, senin (16/3). baca: tipe istri idaman alshad ahmad, disebut sultan punya rumah rp300 m, raffi: jangan cuma cinta duit lu baca: tes rambut ririn ekawati dinyatakan negatif, akui tak tahu asisten gunakan obat terlarang adapun cabang-cabang bank mandiri, lanjut rully, tetap beroperasi normal dengan jam operasional 08.00-15.00 wib untuk memenuhi kebutuhan nasabah. terkait dengan upaya pencegahan penyebaran covid-19, bank mandiri menyarankan nasabah dapat menggunakan aplikasi mandiri online terbaru yang dapat melayani berbagai kebutuhan transaksi keuangan nasabah. bahkan, seiring dengan transformasi digital bank mandiri, saat ini masyarakat luas juga dapat melakukan pembukaan rekening tabungan di mana pun, tanpa harus datang ke kantor bank maupun bertemu dengan staff perbankan di bank mandiri. ""semua keperluan untuk pembukaan tabungan dapat dilakukan dengan video call,"" kata rully. selain itu, nasabah juga dapat menggunakan layanan atm 24 jam, baik untuk tarik tunai maupun setor tunai. saat ini, mandiri memiliki 18.291 unit atm yang terhubung dalam jaringan atm link, atm bersama, atm prima dan visa/plus, edc serta jaringan e-banking lainnya. berita rekomendasi berita ini sudah tayang di kontan, dengan judul: hadapi virus corona, bank mandiri terapkan work from home"
Antisipasi Covid-19, Hipmi Jaya Tunda Musda Beragenda Pemilihan Ketua Umum Baru;"TRIBUNNEWS.COM, JAKARTA - Musyawarah Daerah (Musda) XVII Himpunan Pengusaha Muda Indonesia (HIPMI) DKI Jakarta Raya yang beragenda pemilihan Ketua Umum baru masa bakti 2020-2023, ditunda. Sedianya, hajatan 3 tahun sekali tersebut akan diadakan di Hotel Sultan, Jakarta pada tanggal 15 April 2020. “Akan tetapi menyikapi perkembangan penyebaran virus COVID-19 yang semakin hari semakin mengkhawatirkan, dalam hal ini SC juga mendapat arahan dari Gubernur DKI Jakarta dan Ketua Umum BPD HIPMI Jaya, untuk menunda pelaksanaan MUSDA tersebut. Hal ini merupakan kondisi force majeur yang ada di luar kuasa kami selaku penyelenggara kegiatan,"" kata Ketua Steering Committee/SC (Panitia Pengarah) MUSDA XVII HIPMI Jaya, Lexyndo Hakim dalam keterangannya, Rabu (18/3/2020). Lexy menjelaskan, sesuai jadwal, SC telah melakukan tahapan MUSDA yaitu Pendaftaran Bakal Calon Umum HIPMI Jaya dari tanggal 23 Januari 2020 dan ditutup tanggal 23 Februari 2020, verifikasi dan klarifikasi terhadap dokumen pendataran bakal calon ketua umum, penetapkan Bakal Calon Ketua Umum menjadi Calon Ketua Umum. ""Tahapan selanjutnya yaitu tahapan presentasi Pokok-Pokok Pikiran kepada Tim Nominasi dan Steering Committe (SC), pengambilan nomor urut, penandatanganan pakta integritas dan penyampaian visi misi caketum di depan anggota, dan tahap kampanye sampai menjelang Musda,"" katanya. Lexy menambahkan, dari tahapan Musda tersebut, ada beberapa kegiatan yang belum terlaksana antara lain kuliah-kuliah umum, debat Calon Ketua Umum. ""Dan puncaknya yaitu pelaksanaan Musda, di mana salah satu agendanya yaitu pemilihan Ketua Umum HIPMI Jaya Masa Bakti 2020-2023,” kata dia.  .recads_wrapper{height:134px;position:relative;margin:10px 0 30px;padding:10px 15px;overflow:hidden;box-shadow:0 0 10px rgb(0 0 0 / 20%);}.recads_title{margin-bottom:10px;font-size:16px;font-weight:700}.arjW-list{overflow-x:scroll;overflow-y:hidden;white-space:nowrap;width:auto;padding:10px 0;position:relative;display:flex;scroll-snap-type:x;flex-wrap:nowrap}.recads_item{scroll-snap-align:start;width:280px;flex:0 0 280px;margin-right:20px;display: flex;white-space: normal;gap: 10px;}.recads_item a {display:flex;white-space:normal;gap:10px;}.recads_image{position:relative;height:auto}.recads_image img{width:auto;height: 73px!important;max-width:165px!important;border-radius:8px}.article_datas_title{font-size:14px;font-weight:700;line-height:1.2;margin:0;overflow:hidden;display:-webkit-box;-webkit-line-clamp:4;-webkit-box-orient:vertical;}.arjW-img-overlay{position:absolute;z-index:3;bottom:8px;left:0;padding:0 0 0 10px}.arjW-img-overlay>img{width:auto;height: 16px!important;}.recads_image::after{z-index:2;position:absolute;top:50%;bottom:4px;left:0;right:0;content:'';background:linear-gradient(to top,#d6d6d6,transparent);width:100%;border-radius: 8px;}             BERITA REKOMENDASI           Adapun Ketua Umum HIPMI Jaya, Afifuddin Suhaeli Kalla mengatakan, keputusan penundaan tersebut dengan mempertimbangkan hasil pertemuan asosiasi serta pimpinan perusahaan dalam acara “Sosialisasi Terkait Peningkatan Kewaspadaan Terhadap Risiko Penularan Infeksi COVID-19” yang diadakan di Balaikota DKI Jakarta, pada Kamis (12/3/2020) lalu. ""Untuk menyikapi dan menghindari hal-hal yang tidak kami inginkan terkait penularan infeksi COVID-19, maka BPD HIPMI Jaya mengeluarkan surat Instruksi Organisasi, di antaranya adalah BPD HIPMI Jaya menunda semua acara yang akan dilaksanakan dalam waktu dekat atau yang akan diadakan beberapa waktu depan dan BPD HIPMI Jaya menghimbau ke seluruh Anggota BPD HIPMI Jaya, untuk selalu menjaga kesehatan dan mentaati hal-hal yang sudah diatur oleh pemerintah,"" ujar dia. Disebutkan, ketiga calon ketua umum yang akan bertarung dalam MUSDA XVII HIPMI Jaya adalah: Andi Indra Hardiansyah Rukman di nomor urut 1, Noor Sona Maesana Mushonnif di nomor urut 2, dan Muhamad Alipudin di nomor urut 3.";18-03-2020;https://www.tribunnews.com/bisnis/2020/03/18/antisipasi-covid-19-hipmi-jaya-tunda-musda-beragenda-pemilihan-ketua-umum-baru;"tribunnews.com, jakarta - musyawarah daerah (musda) xvii himpunan pengusaha muda indonesia (hipmi) dki jakarta raya yang beragenda pemilihan ketua umum baru masa bakti 2020-2023, ditunda. sedianya, hajatan 3 tahun sekali tersebut akan diadakan di hotel sultan, jakarta pada tanggal 15 april 2020. “akan tetapi menyikapi perkembangan penyebaran virus covid-19 yang semakin hari semakin mengkhawatirkan, dalam hal ini sc juga mendapat arahan dari gubernur dki jakarta dan ketua umum bpd hipmi jaya, untuk menunda pelaksanaan musda tersebut. hal ini merupakan kondisi force majeur yang ada di luar kuasa kami selaku penyelenggara kegiatan,"" kata ketua steering committee/sc (panitia pengarah) musda xvii hipmi jaya, lexyndo hakim dalam keterangannya, rabu (18/3/2020). lexy menjelaskan, sesuai jadwal, sc telah melakukan tahapan musda yaitu pendaftaran bakal calon umum hipmi jaya dari tanggal 23 januari 2020 dan ditutup tanggal 23 februari 2020, verifikasi dan klarifikasi terhadap dokumen pendataran bakal calon ketua umum, penetapkan bakal calon ketua umum menjadi calon ketua umum. ""tahapan selanjutnya yaitu tahapan presentasi pokok-pokok pikiran kepada tim nominasi dan steering committe (sc), pengambilan nomor urut, penandatanganan pakta integritas dan penyampaian visi misi caketum di depan anggota, dan tahap kampanye sampai menjelang musda,"" katanya. lexy menambahkan, dari tahapan musda tersebut, ada beberapa kegiatan yang belum terlaksana antara lain kuliah-kuliah umum, debat calon ketua umum. ""dan puncaknya yaitu pelaksanaan musda, di mana salah satu agendanya yaitu pemilihan ketua umum hipmi jaya masa bakti 2020-2023,” kata dia. berita rekomendasi adapun ketua umum hipmi jaya, afifuddin suhaeli kalla mengatakan, keputusan penundaan tersebut dengan mempertimbangkan hasil pertemuan asosiasi serta pimpinan perusahaan dalam acara “sosialisasi terkait peningkatan kewaspadaan terhadap risiko penularan infeksi covid-19” yang diadakan di balaikota dki jakarta, pada kamis (12/3/2020) lalu. ""untuk menyikapi dan menghindari hal-hal yang tidak kami inginkan terkait penularan infeksi covid-19, maka bpd hipmi jaya mengeluarkan surat instruksi organisasi, di antaranya adalah bpd hipmi jaya menunda semua acara yang akan dilaksanakan dalam waktu dekat atau yang akan diadakan beberapa waktu depan dan bpd hipmi jaya menghimbau ke seluruh anggota bpd hipmi jaya, untuk selalu menjaga kesehatan dan mentaati hal-hal yang sudah diatur oleh pemerintah,"" ujar dia. disebutkan, ketiga calon ketua umum yang akan bertarung dalam musda xvii hipmi jaya adalah: andi indra hardiansyah rukman di nomor urut 1, noor sona maesana mushonnif di nomor urut 2, dan muhamad alipudin di nomor urut 3."
Bantu Pemerintah Stabilkan Harga Gula Pasir, Produsen Rose Brand Lakukan Operasi Pasar;"TRIBUNNEWS.COM, JAKARTA - Produsen bahan baku pangan Sungai Budi Group melakukan operasi pasar guna membantu pemerintah dalam menstabilkan harga gula pasir. Produsen tepung dan gula merek Rose Brand tersebut menggelontorkan 5 ton gula pasir ke berbagai pasar di wilayah DKI Jakarta. Dengan demikian, masyarakat dapat membeli gula pasir dengan harga yang lebih rendah dari harga saat ini. Menurut marketing Sungai Budi Group John Adrian, operasi pasar pada Kamis (19/3/2020) hari ini dilakukan di Pasar Cengkareng dan Pasar Kebayoran Lama. Baca: Debat Sengit Keluarga Hermansyah soal Virus Corona, Anang Sebut Ashanty Ambigu hingga seperti DPR Baca: MUI Sebut 9 Fatwa Seputar COVID-19 sebagai Panduan Keagamaan untuk Muslim di Indonesia ""Kami menjual harga gula pasir ke masyarakat Rp 12.500 per kilogram,"" kata John dalam keterangannya, Kamis. John menyatakan, pihaknya berharap penjualan gula pasir dengan harga Rp 12.500 per kilogram yang dilakukan perseroan dapat diikuti pedagang di pasar dengan menjual komoditas tersebut sesuai harga acuan tingkat konsumen.  ""Pemerintah sudah menentukan harga eceran tertinggi Rp 12.500 per kilonya. Jadi harapan kami, supaya pedagang di pasar tidak menjual lebih dari harga tersebut,"" terang John.  .recads_wrapper{height:134px;position:relative;margin:10px 0 30px;padding:10px 15px;overflow:hidden;box-shadow:0 0 10px rgb(0 0 0 / 20%);}.recads_title{margin-bottom:10px;font-size:16px;font-weight:700}.arjW-list{overflow-x:scroll;overflow-y:hidden;white-space:nowrap;width:auto;padding:10px 0;position:relative;display:flex;scroll-snap-type:x;flex-wrap:nowrap}.recads_item{scroll-snap-align:start;width:280px;flex:0 0 280px;margin-right:20px;display: flex;white-space: normal;gap: 10px;}.recads_item a {display:flex;white-space:normal;gap:10px;}.recads_image{position:relative;height:auto}.recads_image img{width:auto;height: 73px!important;max-width:165px!important;border-radius:8px}.article_datas_title{font-size:14px;font-weight:700;line-height:1.2;margin:0;overflow:hidden;display:-webkit-box;-webkit-line-clamp:4;-webkit-box-orient:vertical;}.arjW-img-overlay{position:absolute;z-index:3;bottom:8px;left:0;padding:0 0 0 10px}.arjW-img-overlay>img{width:auto;height: 16px!important;}.recads_image::after{z-index:2;position:absolute;top:50%;bottom:4px;left:0;right:0;content:'';background:linear-gradient(to top,#d6d6d6,transparent);width:100%;border-radius: 8px;}             BERITA REKOMENDASI           Produsen gula pasir dengan label Rose Brand tersebu akan menggelar operasi pasar selama satu bulan yang bekerja sama dengan Satgas Pangan Mabes Polri dan Kementerian Perdagangan. ""Rencana satu bulan operasi pasar, besok di Pasar Petojo dan Kramat Jati. Tapi kalau harga sudah stabil, kami berhenti,"" ucap John. Dalam menjual gula pasir saat operasi pasar, kata John, perseroan membatasi pembelian 2 kilogram untuk satu orang. Hal tersebut, dilakukan untuk menghindari praktik menjual kembali. Secara terpisah, sebelumnya Direktur Jenderal Perlindungan Konsumen dan Tertib Niaga (PKTN) Kementerian Perdagangan Veri Anggrijono mengatakan, sebanyak 33.000 ton gula pasir siap digelontorkan ke wilayah DKI Jakarta setiap hari. Kebijakan ini berlaku mulai Rabu, (18/3/2020). Pasokan tersebut diharapkan dapat mengisi pasar ritel sehingga warga mampu membelinya sesuai Harga Eceran Tertinggi (HET) Rp 12.500. ""Kami harap dengan terisinya pasar ritel ini, harga yang berkembang di pasar lain dapat segera turun dan masyarakat dapat konsumsi dengan harga yang ditetapkan, Rp 12.500,"" kata Veri dalam konferensi video, Rabu. Berita ini tayang di Kompas.com dengan judul: Operasi Pasar, Produsen Rose Brand Gelontorkan 5 Ton Gula Pasir";20-03-2020;https://www.tribunnews.com/bisnis/2020/03/20/bantu-pemerintah-stabilkan-harga-gula-pasir-produsen-rose-brand-lakukan-operasi-pasar;"tribunnews.com, jakarta - produsen bahan baku pangan sungai budi group melakukan operasi pasar guna membantu pemerintah dalam menstabilkan harga gula pasir. produsen tepung dan gula merek rose brand tersebut menggelontorkan 5 ton gula pasir ke berbagai pasar di wilayah dki jakarta. dengan demikian, masyarakat dapat membeli gula pasir dengan harga yang lebih rendah dari harga saat ini. menurut marketing sungai budi group john adrian, operasi pasar pada kamis (19/3/2020) hari ini dilakukan di pasar cengkareng dan pasar kebayoran lama. baca: debat sengit keluarga hermansyah soal virus corona, anang sebut ashanty ambigu hingga seperti dpr baca: mui sebut 9 fatwa seputar covid-19 sebagai panduan keagamaan untuk muslim di indonesia ""kami menjual harga gula pasir ke masyarakat rp 12.500 per kilogram,"" kata john dalam keterangannya, kamis. john menyatakan, pihaknya berharap penjualan gula pasir dengan harga rp 12.500 per kilogram yang dilakukan perseroan dapat diikuti pedagang di pasar dengan menjual komoditas tersebut sesuai harga acuan tingkat konsumen. ""pemerintah sudah menentukan harga eceran tertinggi rp 12.500 per kilonya. jadi harapan kami, supaya pedagang di pasar tidak menjual lebih dari harga tersebut,"" terang john. berita rekomendasi produsen gula pasir dengan label rose brand tersebu akan menggelar operasi pasar selama satu bulan yang bekerja sama dengan satgas pangan mabes polri dan kementerian perdagangan. ""rencana satu bulan operasi pasar, besok di pasar petojo dan kramat jati. tapi kalau harga sudah stabil, kami berhenti,"" ucap john. dalam menjual gula pasir saat operasi pasar, kata john, perseroan membatasi pembelian 2 kilogram untuk satu orang. hal tersebut, dilakukan untuk menghindari praktik menjual kembali. secara terpisah, sebelumnya direktur jenderal perlindungan konsumen dan tertib niaga (pktn) kementerian perdagangan veri anggrijono mengatakan, sebanyak 33.000 ton gula pasir siap digelontorkan ke wilayah dki jakarta setiap hari. kebijakan ini berlaku mulai rabu, (18/3/2020). pasokan tersebut diharapkan dapat mengisi pasar ritel sehingga warga mampu membelinya sesuai harga eceran tertinggi (het) rp 12.500. ""kami harap dengan terisinya pasar ritel ini, harga yang berkembang di pasar lain dapat segera turun dan masyarakat dapat konsumsi dengan harga yang ditetapkan, rp 12.500,"" kata veri dalam konferensi video, rabu. berita ini tayang di kompas.com dengan judul: operasi pasar, produsen rose brand gelontorkan 5 ton gula pasir"
Garap Bisnis Pemakaman Muslim, Al Azhar Memorial Garden Siapkan Lahan 25 Ha;"TRIBUNNEWS.COM, JAKARTA - Bisnis lahan pemakaman kini digeluti sejumlah pengembang di timur Jakarta. Selain ada San Diego Hills yang dikelola grup Lippo, pemain lainnya yang menggarap usaha penyediaan pemakaman ini adalah Yayasan Pesantren Islam Al-Azhar. Yayasan ini kini mengelola kompleks pemakaman Al-Azhar Memorial Garden di atas lahan seluas 25 ha di Karawang Timur, Jawa Barat. Sebagaimana di San Diego Hills, pemakaman di sini dirancang nyaman untuk para keluarga dan handai taulan yang berniat berziarah. Pengelola merancangnya menjadi area pemakaman yang dilengkapi dengan walkaway sehingga saat keluarga akan berziarah ke makan kerabat yang meninggal mudah menemukan lokasi makam yang dituju. Baca: IHSG Diprediksi Melemah Lagi ke Level 4.226 Jauh dari kesan seram, kompleks pemakaman yang berlokasi di sisi jalan Tol Jakarta Cikampek ini juga memiliki pemandangan cukup indah dengan bunga-bunga dan rumput hijau yang terawat. Di beberapa sudut terdapat gazebo untuk berteduh. Baca: Toyota Resmi Kenalkan Prius PHEV Berteknologi Plug-in Hybrid Electric Vehicle  .recads_wrapper{height:134px;position:relative;margin:10px 0 30px;padding:10px 15px;overflow:hidden;box-shadow:0 0 10px rgb(0 0 0 / 20%);}.recads_title{margin-bottom:10px;font-size:16px;font-weight:700}.arjW-list{overflow-x:scroll;overflow-y:hidden;white-space:nowrap;width:auto;padding:10px 0;position:relative;display:flex;scroll-snap-type:x;flex-wrap:nowrap}.recads_item{scroll-snap-align:start;width:280px;flex:0 0 280px;margin-right:20px;display: flex;white-space: normal;gap: 10px;}.recads_item a {display:flex;white-space:normal;gap:10px;}.recads_image{position:relative;height:auto}.recads_image img{width:auto;height: 73px!important;max-width:165px!important;border-radius:8px}.article_datas_title{font-size:14px;font-weight:700;line-height:1.2;margin:0;overflow:hidden;display:-webkit-box;-webkit-line-clamp:4;-webkit-box-orient:vertical;}.arjW-img-overlay{position:absolute;z-index:3;bottom:8px;left:0;padding:0 0 0 10px}.arjW-img-overlay>img{width:auto;height: 16px!important;}.recads_image::after{z-index:2;position:absolute;top:50%;bottom:4px;left:0;right:0;content:'';background:linear-gradient(to top,#d6d6d6,transparent);width:100%;border-radius: 8px;}             BERITA REKOMENDASI           “Ini tempat pemakaman terindah,” klaim Dr. Shobahussurur, MA, salah satu pengurus Yayasan Pesantren Islam Al-Azhar yang dipercaya mengelola taman pemakaman Islam ini. Dia menjelaskan, Al-Azhar Memorial Garden yang bisa menampung sekitar 29.000 ribu jenazah muslim.  Dr. Shobahussurur menjelaskan, dengan kontur lahan yang datar, area pemakaman inijadi bebas dari ancaman banjir. “Kawasan pemakaman kami berada di atas lahan yang datar, tidak berbukit dengan sistem drainase yang berjalan baik,” tuturnya. Dia menjelaskan, Al-Azhar Memorial Garden membawa konsep pemakaman sebagaibagian dari taman. Karena itu pihaknya melengkapinya dengan gedung serbaguna, gazebo, dan pohon rindang dan tanaman bunga. Dr. Shobahussurur memaparkan, sebagai pengelola kompleks pemakaman yang terintegrasi, pihaknya juga mengelola gedung pemulasaraan untuk memudahkan pengurusan jenazah bagi keluarga yang anggota keluarganya meninggal untuk kebutuhan memandikan, mengkafani dan mensholatkan hingga prosesi pemakaman di Al Azhar Memorial Garden. Dia menjelaskan, kehadiran Al-Azhar Memorial Garden memang bertujuan untuk memberikan pilihan bagi umat Islam untuk dapat dikuburkan di pemakaman muslim sesuai syariat Islam. ""Adanya walkway di depan setiap makam, maka makam tidak terinjak, terlangkahi dan terduduki peziarah,"" tuturnya. Taman Pemakaman Muslim Al-Azhar Memorial Garden dibangun sejak 2011. Akses menuju pemakaman ini adalah dari jalan tol Jakarta-Cikampek, keluar di Tol Karawang Timur";17-03-2020;https://www.tribunnews.com/bisnis/2020/03/17/garap-bisnis-pemakaman-muslim-al-azhar-memorial-garden-siapkan-lahan-25-ha;"tribunnews.com, jakarta - bisnis lahan pemakaman kini digeluti sejumlah pengembang di timur jakarta. selain ada san diego hills yang dikelola grup lippo, pemain lainnya yang menggarap usaha penyediaan pemakaman ini adalah yayasan pesantren islam al-azhar. yayasan ini kini mengelola kompleks pemakaman al-azhar memorial garden di atas lahan seluas 25 ha di karawang timur, jawa barat. sebagaimana di san diego hills, pemakaman di sini dirancang nyaman untuk para keluarga dan handai taulan yang berniat berziarah. pengelola merancangnya menjadi area pemakaman yang dilengkapi dengan walkaway sehingga saat keluarga akan berziarah ke makan kerabat yang meninggal mudah menemukan lokasi makam yang dituju. baca: ihsg diprediksi melemah lagi ke level 4.226 jauh dari kesan seram, kompleks pemakaman yang berlokasi di sisi jalan tol jakarta cikampek ini juga memiliki pemandangan cukup indah dengan bunga-bunga dan rumput hijau yang terawat. di beberapa sudut terdapat gazebo untuk berteduh. baca: toyota resmi kenalkan prius phev berteknologi plug-in hybrid electric vehicle berita rekomendasi “ini tempat pemakaman terindah,” klaim dr. shobahussurur, ma, salah satu pengurus yayasan pesantren islam al-azhar yang dipercaya mengelola taman pemakaman islam ini. dia menjelaskan, al-azhar memorial garden yang bisa menampung sekitar 29.000 ribu jenazah muslim. dr. shobahussurur menjelaskan, dengan kontur lahan yang datar, area pemakaman inijadi bebas dari ancaman banjir. “kawasan pemakaman kami berada di atas lahan yang datar, tidak berbukit dengan sistem drainase yang berjalan baik,” tuturnya. dia menjelaskan, al-azhar memorial garden membawa konsep pemakaman sebagaibagian dari taman. karena itu pihaknya melengkapinya dengan gedung serbaguna, gazebo, dan pohon rindang dan tanaman bunga. dr. shobahussurur memaparkan, sebagai pengelola kompleks pemakaman yang terintegrasi, pihaknya juga mengelola gedung pemulasaraan untuk memudahkan pengurusan jenazah bagi keluarga yang anggota keluarganya meninggal untuk kebutuhan memandikan, mengkafani dan mensholatkan hingga prosesi pemakaman di al azhar memorial garden. dia menjelaskan, kehadiran al-azhar memorial garden memang bertujuan untuk memberikan pilihan bagi umat islam untuk dapat dikuburkan di pemakaman muslim sesuai syariat islam. ""adanya walkway di depan setiap makam, maka makam tidak terinjak, terlangkahi dan terduduki peziarah,"" tuturnya. taman pemakaman muslim al-azhar memorial garden dibangun sejak 2011. akses menuju pemakaman ini adalah dari jalan tol jakarta-cikampek, keluar di tol karawang timur"
Terapkan Protokol Cegah Corona, Perusahaan Ekspedisi SiCepat Berlakukan Prosedur Ini;"TRIBUNNEWS.COM, JAKARTA - Pelaku usaha kini semakin banyak yang melakukan langkah antisipatif mencegah meluasnya penyebaran virus corona di Indonesia. Seperti dilakukan perusahaan jasa ekspedisi SiCepat Express. Mengikuti himbauan Pemerintah, perusahaan ini mengambil langkah preventif untuk mencegah penyebaran virus terutama pada kegiatan operasionalnya, Chief Executive Officer SiCepat Ekspres, The Kim Hai dalam keterangan pers tertulisnya di Jakarta, Selasa 17 Maret 2020 menjelaskan, pihaknya melakukan tindakan pencegahan terutama pada operasional, baik saat mensortir barang, pengambilan barang dan pengantaran barang karyawan SiCepat wajib menggunakan masker dan sarung tangan. Setiap barang yang melalui proses HUB juga wajib untuk disemprot dengan disinfektan setiap hari, hal ini dilakukan untuk mencegah dan meminimalisir penyebaran virus corona di lingkungan operasional SiCepat Ekspres. Baca: Toyota Resmi Kenalkan Prius PHEV Berteknologi Plug-in Hybrid Electric Vehicle Gerai SiCepat Ekspres yang tersebar di seluruh Indonesia juga diwajibkan menyediakan hand sanitizer, melakukan disinfektasi dan terus meningkatkan frekuensi pembersihan dan sanitasi.  Baca: Unggul di Teknologi, Minibus DFSK Gelora Bikin Pengunjung GIICOMVEC 2020 Kesengsem “Kita berupaya untuk tetap memberikan service yang maksimal. Kurir wajib menggunakan masker dan sarung tangan dan wajib memperhatikan kebersihan diri ketika berinteraksi dengan customer. Hal ini kami lakukan agar customer dapat merasakan rasa aman dan nyaman,” ujar The Kim Hai.  Selain mekanisme pencegahan pada bagian operasional, karyawan di gerai cabang dan kantor pusat juga rutin dicek suhu tubuh, menggunakan gun thermal agar dapat memonitoring suhu tubuh karyawan.  .recads_wrapper{height:134px;position:relative;margin:10px 0 30px;padding:10px 15px;overflow:hidden;box-shadow:0 0 10px rgb(0 0 0 / 20%);}.recads_title{margin-bottom:10px;font-size:16px;font-weight:700}.arjW-list{overflow-x:scroll;overflow-y:hidden;white-space:nowrap;width:auto;padding:10px 0;position:relative;display:flex;scroll-snap-type:x;flex-wrap:nowrap}.recads_item{scroll-snap-align:start;width:280px;flex:0 0 280px;margin-right:20px;display: flex;white-space: normal;gap: 10px;}.recads_item a {display:flex;white-space:normal;gap:10px;}.recads_image{position:relative;height:auto}.recads_image img{width:auto;height: 73px!important;max-width:165px!important;border-radius:8px}.article_datas_title{font-size:14px;font-weight:700;line-height:1.2;margin:0;overflow:hidden;display:-webkit-box;-webkit-line-clamp:4;-webkit-box-orient:vertical;}.arjW-img-overlay{position:absolute;z-index:3;bottom:8px;left:0;padding:0 0 0 10px}.arjW-img-overlay>img{width:auto;height: 16px!important;}.recads_image::after{z-index:2;position:absolute;top:50%;bottom:4px;left:0;right:0;content:'';background:linear-gradient(to top,#d6d6d6,transparent);width:100%;border-radius: 8px;}             BERITA REKOMENDASI           Karyawan yang merasa kurang sehat pun disarankan untuk tidak memaksakan diri bekerja, harus istirahat di rumah dan memeriksakan kondisi tubuhnya ke rumah sakit, sehingga perusahaaan mendapatkan informasi yang akurat terkait dengan kesehatan karyawan.";17-03-2020;https://www.tribunnews.com/bisnis/2020/03/17/terapkan-protokol-cegah-corona-perusahaan-ekspedisi-sicepat-berlakukan-prosedur-ini;tribunnews.com, jakarta - pelaku usaha kini semakin banyak yang melakukan langkah antisipatif mencegah meluasnya penyebaran virus corona di indonesia. seperti dilakukan perusahaan jasa ekspedisi sicepat express. mengikuti himbauan pemerintah, perusahaan ini mengambil langkah preventif untuk mencegah penyebaran virus terutama pada kegiatan operasionalnya, chief executive officer sicepat ekspres, the kim hai dalam keterangan pers tertulisnya di jakarta, selasa 17 maret 2020 menjelaskan, pihaknya melakukan tindakan pencegahan terutama pada operasional, baik saat mensortir barang, pengambilan barang dan pengantaran barang karyawan sicepat wajib menggunakan masker dan sarung tangan. setiap barang yang melalui proses hub juga wajib untuk disemprot dengan disinfektan setiap hari, hal ini dilakukan untuk mencegah dan meminimalisir penyebaran virus corona di lingkungan operasional sicepat ekspres. baca: toyota resmi kenalkan prius phev berteknologi plug-in hybrid electric vehicle gerai sicepat ekspres yang tersebar di seluruh indonesia juga diwajibkan menyediakan hand sanitizer, melakukan disinfektasi dan terus meningkatkan frekuensi pembersihan dan sanitasi. baca: unggul di teknologi, minibus dfsk gelora bikin pengunjung giicomvec 2020 kesengsem “kita berupaya untuk tetap memberikan service yang maksimal. kurir wajib menggunakan masker dan sarung tangan dan wajib memperhatikan kebersihan diri ketika berinteraksi dengan customer. hal ini kami lakukan agar customer dapat merasakan rasa aman dan nyaman,” ujar the kim hai. selain mekanisme pencegahan pada bagian operasional, karyawan di gerai cabang dan kantor pusat juga rutin dicek suhu tubuh, menggunakan gun thermal agar dapat memonitoring suhu tubuh karyawan. berita rekomendasi karyawan yang merasa kurang sehat pun disarankan untuk tidak memaksakan diri bekerja, harus istirahat di rumah dan memeriksakan kondisi tubuhnya ke rumah sakit, sehingga perusahaaan mendapatkan informasi yang akurat terkait dengan kesehatan karyawan.
Tiga Lembaga Ditunjuk Bantu Kemenkes Periksa Virus Corona;"JAKARTA, KOMPAS.com - Pemerintah telah menunjuk tiga lembaga untuk membantu memeriksa virus corona. Sebelumnya, hanya Badan Litbangkes Kementerian Kesehatan yang berwenang untuk memeriksa virus tersebut. Menurut Juru Bicara Pemerintah untuk Penanganan Corona Achmad Yurianto, ketiga lembaga itu adalah Balai Besar Teknik Kesehatan Lingkungan (BBTKL), Universitas Airlangga, dan Lembaga Eijkman. “Hasil pemeriksaan nya dikirim ke Litbangkes, lalu ke saya. jadi tidak langsung ke RS,” kata Yuri sebagaimana dikutip dari laman resmi Kemenkes, Senin (16/3/2020). Menurut dia, pihaknya sebenarnya telah mengidentifikasi sejumlah lembaga yang dinilai mampu melakukan pemeriksaan virus. Namun persoalannya, apakah lembaga tersebut memiliki peralatan dan sumber daya manusia yang terlatih atau tidak untuk menanganinya. “Mungkin virus yang lain iya, tapi yang ini belum,” katanya. Ia menjelaskan bahwa pemeriksaan virus corona ini harus dilakukan tanpa tergesa-gesa. Karena ada risikonya dan khawatir akan menjadi episentrum baru. “Jadi tidak terburu-buru karena ini bukan pemeriksaan lab biasa, karena ada risiko. Virus ini bahaya, manipulasi virus ini bahaya,"" ujarnya. ""Kalau enggak mengikuti prinsip biosafety yang memeriksa bisa tertular. Kalau tidak mengikuti bio security ini ada di masyarakat bisa menyebabkan episentrum baru. Oleh karena itu harus khusus,"" imbuh Yuri. Sementara itu 10 ribu kit Polymerase Chain Reaction (PCR) sudah diterima pemerintah dan sebagian sudah disebarkan ke BBTKL dan Balai Teknik Kesehatan Lingkungan (BTKL). “Belum didistribusikan ke sepuluh-sepuluhnya (BBTKL dan BTKL), tapi sudah mulai distribusi karena kapasitasnya gak semuanya sama,” ucapnya. Pasalnya, diperlukan audit untuk mengetahui apakah cabinet merek masih memadai atau tidak. ";16-03-2020;https://nasional.kompas.com/read/2020/03/16/08162451/tiga-lembaga-ditunjuk-bantu-kemenkes-periksa-virus-corona;"jakarta,pemerintah telah menunjuk tiga lembaga untuk membantu memeriksa virus corona. sebelumnya, hanya badan litbangkes kementerian kesehatan yang berwenang untuk memeriksa virus tersebut. menurut juru bicara pemerintah untuk penanganan corona achmad yurianto, ketiga lembaga itu adalah balai besar teknik kesehatan lingkungan (bbtkl), universitas airlangga, dan lembaga eijkman. “hasil pemeriksaan nya dikirim ke litbangkes, lalu ke saya. jadi tidak langsung ke rs,” kata yuri sebagaimana dikutip dari laman resmi kemenkes, senin (16/3/2020). menurut dia, pihaknya sebenarnya telah mengidentifikasi sejumlah lembaga yang dinilai mampu melakukan pemeriksaan virus. namun persoalannya, apakah lembaga tersebut memiliki peralatan dan sumber daya manusia yang terlatih atau tidak untuk menanganinya. “mungkin virus yang lain iya, tapi yang ini belum,” katanya. ia menjelaskan bahwa pemeriksaan virus corona ini harus dilakukan tanpa tergesa-gesa. karena ada risikonya dan khawatir akan menjadi episentrum baru. “jadi tidak terburu-buru karena ini bukan pemeriksaan lab biasa, karena ada risiko. virus ini bahaya, manipulasi virus ini bahaya,"" ujarnya. ""kalau enggak mengikuti prinsip biosafety yang memeriksa bisa tertular. kalau tidak mengikuti bio security ini ada di masyarakat bisa menyebabkan episentrum baru. oleh karena itu harus khusus,"" imbuh yuri. sementara itu 10 ribu kit polymerase chain reaction (pcr) sudah diterima pemerintah dan sebagian sudah disebarkan ke bbtkl dan balai teknik kesehatan lingkungan (btkl). “belum didistribusikan ke sepuluh-sepuluhnya (bbtkl dan btkl), tapi sudah mulai distribusi karena kapasitasnya gak semuanya sama,” ucapnya. pasalnya, diperlukan audit untuk mengetahui apakah cabinet merek masih memadai atau tidak. "
Jokowi Larang Pemerintah Daerah Lakukan Lockdown Terkait Covid-19;"JAKARTA, KOMPAS.com - Presiden Joko Widodo melarang pemerintah daerah untuk melakukan lockdown atau karantina wilayah dalam menghadapi penyebaran virus corona yang menyebabkan penyakit Covid-19. Jokowi menegaskan bahwa kebijakan lockdown hanya dapat diambil oleh pemerintah pusat. ""Kebijakan lockdown, baik di tingkat nasional dan tingkat daerah, adalah kebijakan pemerintah pusat,"" ucap Presiden Jokowi dalam jumpa pers di Istana Bogor, Senin (16/3/2020). ""Kebijakan ini tak boleh diambil oleh pemda, dan tak ada kita berpikiran untuk kebijakan lockdown,"" kata Jokowi. Jokowi menyebutkan, saat ini yang terpenting dilakukan adalah bagaimana mengurangi mobilitas orang, menjaga jarak, serta mengurangi kerumunan orang yang membawa risiko lebih besar pada penyebaran Covid-19. Salah satu caranya adalah dengan melakukan aktivitas yang produktif dari rumah. ""Kebijakan belajar dari rumah kerja dari rumah dan ibadah di rumah perlu terus kita gencarkan untuk menghindari Covid-19 dengan tetap mempertahankan pelayanan kepada masyarakat,"" kata dia. Tak hanya soal lockdown, Jokowi juga meminta semua kebijakan besar di tingkat daerah harus dibahas dengan pemerintah pusat. Namun, ia tak merinci lebih jauh kebijakan besar yang dimaksud. ""Untuk konsultasi, supaya cepat, saya minta daerah membahas dengan kementerian terkait, termasuk dengan satgas Covid-19,"" kata Presiden. ";16-03-2020;https://nasional.kompas.com/read/2020/03/16/15420291/jokowi-larang-pemerintah-daerah-lakukan-lockdown-terkait-covid-19?page=all;"jakarta,presiden joko widodo melarang pemerintah daerah untuk melakukan lockdown atau karantina wilayah dalam menghadapi penyebaran virus corona yang menyebabkan penyakit covid-19. jokowi menegaskan bahwa kebijakan lockdown hanya dapat diambil oleh pemerintah pusat. ""kebijakan lockdown, baik di tingkat nasional dan tingkat daerah, adalah kebijakan pemerintah pusat,"" ucap presiden jokowi dalam jumpa pers di istana bogor, senin (16/3/2020). ""kebijakan ini tak boleh diambil oleh pemda, dan tak ada kita berpikiran untuk kebijakan lockdown,"" kata jokowi. jokowi menyebutkan, saat ini yang terpenting dilakukan adalah bagaimana mengurangi mobilitas orang, menjaga jarak, serta mengurangi kerumunan orang yang membawa risiko lebih besar pada penyebaran covid-19. salah satu caranya adalah dengan melakukan aktivitas yang produktif dari rumah. ""kebijakan belajar dari rumah kerja dari rumah dan ibadah di rumah perlu terus kita gencarkan untuk menghindari covid-19 dengan tetap mempertahankan pelayanan kepada masyarakat,"" kata dia. tak hanya soal lockdown, jokowi juga meminta semua kebijakan besar di tingkat daerah harus dibahas dengan pemerintah pusat. namun, ia tak merinci lebih jauh kebijakan besar yang dimaksud. ""untuk konsultasi, supaya cepat, saya minta daerah membahas dengan kementerian terkait, termasuk dengan satgas covid-19,"" kata presiden. "
Susunan Pemain Bhayangkara FC Vs Persija, Duel 2 Tim Ibu Kota;"KOMPAS.com - Duel Bhayangkara FC vs Persija Jakarta tersaji pada pekan ketiga Shopee Liga 1 2020. Laga Bhayangkara FC vs Persija akan dihelat di Stadion Perguruan Tinggi Ilmu Kepolisian (PTIK), Jakarta, Sabtu (14/3/2020) pukul 18.30 WIB. Pada laga ini, pelatih Bhayangkara FC, Paul Munster, menurunkan skuad terbaiknya untuk meladeni Persija. Di posisi kiper, Awan Setho Raharjo dipercaya untuk mengawal gawang Bhayangkara FC. Kemudian untuk lini belakang, Achmad Jufriyanto dipercaya untuk menggalang pertahanan bersama Lee Won Jae, I Putu Gede, dan Ruben Sanadi. Di sektor tengah, Paul Munster, menurunkan trio Guy Herve, TM Ichsan, dan Adam Alis. Sementara, untuk posisi juru gedor, Ezechiel N'Douassel diplot sebagai penyerang tengah dengan dukungan Saddil Ramdani, dan Renan Silva. Dari kubu tim tamu, pelatih Persija, Sergio Farias, menurunkan Andritany Ardhiyasa di posisi penjaga gawang. Di depan Andritany, berdiri empat bek sejajar, yakni Marco Motta, Ryuji Utomo, Otavio Dutra, dan Rezaldi Hehanussa. Di sektor tengah, Segio Farias menurunkan trio Marc Klok, Rohit Chand, dan Evan Dimas. Adapun di lini depan, Marko Simic kembali dipercaya untuk mengisi ujung tombak Macan Kemayoran - julukan Persija. Tugas Marko Simic akan dibantu oleh dua sayap cepat, yakni Riko Simanjuntak dan Osvaldo Haay. Susunan pemain Bhayangkara FC vs Persija: Bhayangkara FC (4-3-3): 12-Awan Setho Raharjo; 15-Lee Won Jae, 16-Achmad Jufriyanto, 2-I Putu Gede, 14-Ruben Karel Sanadi; 71-Guy Herve, 19-TM Ichsan, 18-Adam Alis; 70-Renan Silva, 29-Saddil Ramdani, 10-Ezechiel N'Douassel Pelatih: Paul Munster Persija (4-3-3): 26-Andritany Ardhiyasa; 47-Marco Motta, 4-Ryuji Utomo, 5-Otavio Dutra, 28-Rezaldi Hehanussa; 10-Marc Klok, 32-Rohit Chand, 6-Evan Dimas; 25-Riko Simanjuntak, 46-Osvaldo Haay, 9-Marko Simic Pelatih: Sergio Farias ";14-03-2020;https://bola.kompas.com/read/2020/03/14/17594948/susunan-pemain-bhayangkara-fc-vs-persija-duel-2-tim-ibu-kota;"kompas.com - duel bhayangkara fc vs persija jakarta tersaji pada pekan ketiga shopee liga 1 2020. laga bhayangkara fc vs persija akan dihelat di stadion perguruan tinggi ilmu kepolisian (ptik), jakarta, sabtu (14/3/2020) pukul 18.30 wib. pada laga ini, pelatih bhayangkara fc, paul munster, menurunkan skuad terbaiknya untuk meladeni persija. di posisi kiper, awan setho raharjo dipercaya untuk mengawal gawang bhayangkara fc. kemudian untuk lini belakang, achmad jufriyanto dipercaya untuk menggalang pertahanan bersama lee won jae, i putu gede, dan ruben sanadi. di sektor tengah, paul munster, menurunkan trio guy herve, tm ichsan, dan adam alis. sementara, untuk posisi juru gedor, ezechiel n'douassel diplot sebagai penyerang tengah dengan dukungan saddil ramdani, dan renan silva. dari kubu tim tamu, pelatih persija, sergio farias, menurunkan andritany ardhiyasa di posisi penjaga gawang. di depan andritany, berdiri empat bek sejajar, yakni marco motta, ryuji utomo, otavio dutra, dan rezaldi hehanussa. di sektor tengah, segio farias menurunkan trio marc klok, rohit chand, dan evan dimas. adapun di lini depan, marko simic kembali dipercaya untuk mengisi ujung tombak macanjulukan persija. tugas marko simic akan dibantu oleh dua sayap cepat, yakni riko simanjuntak dan osvaldo haay. susunan pemain bhayangkara fc vs persija: bhayangkara fc (4-3-3): 12-awan setho raharjo; 15-lee won jae, 16-achmad jufriyanto, 2-i putu gede, 14-ruben karel sanadi; 71-guy herve, 19-tm ichsan, 18-adam alis; 70-renan silva, 29-saddil ramdani, 10-ezechiel n'douassel pelatih: paul munster persija (4-3-3): 26-andritany ardhiyasa; 47-marco motta, 4-ryuji utomo, 5-otavio dutra, 28-rezaldi hehanussa; 10-marc klok, 32-rohit chand, 6-evan dimas; 25-riko simanjuntak, 46-osvaldo haay, 9-marko simic pelatih: sergio farias "
Saran-saran Keuangan yang Tak Perlu Anda Ikuti;NEW YORK, KOMPAS.com - Mengelola keuangan merupakan hal yang tidak mudah, namun juga tidak sulit. Pun banyak saran keuangan yang bisa Anda ikuti untuk mengelola keuangan pribadi Anda. Salah satunya adalah meminta tips dari teman, rekan kerja, atau bahkan keluarga. Akan tetapi, banyak juga saran keuangan yang kurang tepat yang sebaiknya tidak perlu Anda ikuti. Sebab, saran tersebut malah bisa menjadi jebakan bagi Anda dalam mengelola keuangan. Dilansir dari Forbes, Jumat (13/3/2020), berikut sejumlah saran keuangan yang sebaiknya tidak perlu Anda ikuti. Banyak pakar keuangan menyarankan Anda untuk tidak menggunakan kartu kredit. Alasannya beragam, mulai dari agar tidak boros hingga menghindari pengeluaran-pengeluaran yang tak diinginkan. Namun, faktanya kartu kredit dapat bermanfaat bagi Anda apabila digunakan secara bijak. Misalnya, reward atau poin kartu kredit dapat membuat Anda lebih hemat dalam belanja atau ketika liburan. Banyak pengalaman membuktikan, reward kartu kredit membantu mengurangi biaya yang harus dikeluarkan ketika berlibur. Misalnya diskon atau cashback harga tiket pesawat maupun penginapan. ;13-03-2020;https://money.kompas.com/read/2020/03/13/100200626/saran-saran-keuangan-yang-tak-perlu-anda-ikuti?page=all;new york,mengelola keuangan merupakan hal yang tidak mudah, namun juga tidak sulit. pun banyak saran keuangan yang bisa anda ikuti untuk mengelola keuangan pribadi anda. salah satunya adalah meminta tips dari teman, rekan kerja, atau bahkan keluarga. akan tetapi, banyak juga saran keuangan yang kurang tepat yang sebaiknya tidak perlu anda ikuti. sebab, saran tersebut malah bisa menjadi jebakan bagi anda dalam mengelola keuangan. dilansir dari forbes, jumat (13/3/2020), berikut sejumlah saran keuangan yang sebaiknya tidak perlu anda ikuti. banyak pakar keuangan menyarankan anda untuk tidak menggunakan kartu kredit. alasannya beragam, mulai dari agar tidak boros hingga menghindari pengeluaran-pengeluaran yang tak diinginkan. namun, faktanya kartu kredit dapat bermanfaat bagi anda apabila digunakan secara bijak. misalnya, reward atau poin kartu kredit dapat membuat anda lebih hemat dalam belanja atau ketika liburan. banyak pengalaman membuktikan, reward kartu kredit membantu mengurangi biaya yang harus dikeluarkan ketika berlibur. misalnya diskon atau cashback harga tiket pesawat maupun penginapan. 
Bertemu Motor Milik Polisi Paling Jujur di Indonesia;JAKARTA, KOMPAS.com - Buat pehobi sepeda motor, mobil, sampai sepeda kayuh lawas, tak sah rasanya bila belum berkunjung ke Museum Merpati Motor di Yogyakarta. Lokasi tepatnya berada di Jalan KH Ahmad Dahlan No.88 Ngampilan. Museum milik David Sunar Handoko ini cukup unik, lantaran semua aset yang ada bukan sekadar sebuah motor, sepeda, atau mobil antik saja, tapi sebagian besar ada yang langka dan memiliki latar belakang sejarah. Saat pertama membuka pintu, Anda akan disuguhkan oleh ratusan sepeda kayuh lawas, mulai dari ontel, model balap, sampai jenis lainnya. Bahkan ada beberapa yang didapatkan dari zaman pendudukan Belanda. KOMPAS.COM/STANLY RAVEL Motor lawas koleksi Museum Merpati Motor Bagi yang mau melihat koleksi deretan motor, sebagain besar bersemayam di lantai dua. Untuk urusan model dan jenisnya sangat beragam, mulai dari motor merek Jepang, Amerika Serikat, sampai daratan Eropa pun lengkap tersaji dalam kondisi yang rata-rata 90 persen masih orisinal. Sebelum naik, dari lantai bawah sudah tersaji ratusan motor bebek lawas yang cukup keren di eranya, seperti keluarga Honda C70, Suzuki Free, dan lain sebagainya. Motor-motor ikonik seperi Honda Monkey, Gorilla, dan sebagainya. Motor batangan lawas dari beragam model juga akan menyita perhatian Anda, seperti deretan keluarga Honda CB beragam tipe dan tahun, Honda CB, Kawasaki Binter Merzy, Honda Win, Honda Benly S110, Honda S90Z, Suzuki Stinger. Untuk deretan motor sport lawas juga tersedia, seperti Suzuki RGR, Kawasaki AR, Yamaha RZR, dan lain sebagainya. KOMPAS.COM/STANLY RAVEL Motor lawas koleksi Museum Merpati Motor Buat pecinta motor trail, sang pemilik juga memiliki koleksi lawas yang tenar di eranya, seperti Yamah DT 100 dan Suzuki TS. Sementara dari daratan Eropa dan Amerika, didominasi oleh Harley Davidson, Indian, BSA, BMW, Norton, Ducati, Vespa, Lambreta, Triumph, dan lainnya. Pemilik museum juga mengkoleksi motor yang pernah ditunggangi mantan Kapolri yang disebut polisi paling jujur di Indonesia, yakni Jenderal Polisi (Purn) Hoegeng Imam Santoso. Koleksinya adalah BSA Lighting Clubman keluaran 1965 dan BSA Twin Golden Flash.  Paling menyita perhatian terdapat dua motor Indian kuno yang rare sekali, yakni Type Power Plus produksi Amerika 1916 dan Chater Lea 1924 yang diproduksi di Inggris. Konon katanya, dua motor ini paling angka di dunia, bahkan untuk Chater Lea dengan mesin 350 cc dikabarkan hanya satu-satunya di dunia. KOMPAS.COM/STANLY RAVEL Motor lawas koleksi Museum Merpati Motor Nah, buat yang lihat motor sport lawas, bisa mengintip Single Springer keluaran Norton produksi 1919. Motor dengan mesin SV berkubikasi 600 cc tersebut masih berdiri kokoh meski tampilanya sudah mulai usang dengan rangka boardtracker. Sayang redaksi tak sempat berjumpa dengan pemilik museum. Namun dari beragam literatur yang ada, museum ini dibuat bukan hanya menjadi sebuah pemuas hobi saja, tapi juga merupakan upaya dalam menyelamatkan aset negara, karena semuanya dibeli dari Indonesia, bukan sengaja di datangkan dari luar. KOMPAS.COM/STANLY RAVEL Motor lawas koleksi Museum Merpati Motor Nah bagi yang berminat berkunjung ke museum ini, dana yang harus disedikan per orang sebesar Rp 65.000, bila membawa kamera profesional, ada tambahan sebesar Rp 35.000. Museum ini buka mulai pukul 09.00 WIB hingga 16.00 WIB. ;15-03-2020;https://otomotif.kompas.com/read/2020/03/15/072200815/bertemu-motor-milik-polisi-paling-jujur-di-indonesia?page=all;jakarta,buat pehobi sepeda motor, mobil, sampai sepeda kayuh lawas, tak sah rasanya bila belum berkunjung ke museum merpati motor di yogyakarta. lokasi tepatnya berada di jalan kh ahmad dahlan no.88 ngampilan. museum milik david sunar handoko ini cukup unik, lantaran semua aset yang ada bukan sekadar sebuah motor, sepeda, atau mobil antik saja, tapi sebagian besar ada yang langka dan memiliki latar belakang sejarah. saat pertama membuka pintu, anda akan disuguhkan oleh ratusan sepeda kayuh lawas, mulai dari ontel, model balap, sampai jenis lainnya. bahkan ada beberapa yang didapatkan dari zaman pendudukan belanda. kompas.com/stanly ravel motor lawas koleksi museum merpati motor bagi yang mau melihat koleksi deretan motor, sebagain besar bersemayam di lantai dua. untuk urusan model dan jenisnya sangat beragam, mulai dari motor merek jepang, amerika serikat, sampai daratan eropa pun lengkap tersaji dalam kondisi yang rata-rata 90 persen masih orisinal. sebelum naik, dari lantai bawah sudah tersaji ratusan motor bebek lawas yang cukup keren di eranya, seperti keluarga honda c70, suzuki free, dan lain sebagainya. motor-motor ikonik seperi honda monkey, gorilla, dan sebagainya. motor batangan lawas dari beragam model juga akan menyita perhatian anda, seperti deretan keluarga honda cb beragam tipe dan tahun, honda cb, kawasaki binter merzy, honda win, honda benly s110, honda s90z, suzuki stinger. untuk deretan motor sport lawas juga tersedia, seperti suzuki rgr, kawasaki ar, yamaha rzr, dan lain sebagainya. kompas.com/stanly ravel motor lawas koleksi museum merpati motor buat pecinta motor trail, sang pemilik juga memiliki koleksi lawas yang tenar di eranya, seperti yamah dt 100 dan suzuki ts. sementara dari daratan eropa dan amerika, didominasi oleh harley davidson, indian, bsa, bmw, norton, ducati, vespa, lambreta, triumph, dan lainnya. pemilik museum juga mengkoleksi motor yang pernah ditunggangi mantan kapolri yang disebut polisi paling jujur di indonesia, yakni jenderal polisi (purn) hoegeng imam santoso. koleksinya adalah bsa lighting clubman keluaran 1965 dan bsa twin golden flash. paling menyita perhatian terdapat dua motor indian kuno yang rare sekali, yakni type power plus produksi amerika 1916 dan chater lea 1924 yang diproduksi di inggris. konon katanya, dua motor ini paling angka di dunia, bahkan untuk chater lea dengan mesin 350 cc dikabarkan hanya satu-satunya di dunia. kompas.com/stanly ravel motor lawas koleksi museum merpati motor nah, buat yang lihat motor sport lawas, bisa mengintip single springer keluaran norton produksi 1919. motor dengan mesin sv berkubikasi 600 cc tersebut masih berdiri kokoh meski tampilanya sudah mulai usang dengan rangka boardtracker. sayang redaksi tak sempat berjumpa dengan pemilik museum. namun dari beragam literatur yang ada, museum ini dibuat bukan hanya menjadi sebuah pemuas hobi saja, tapi juga merupakan upaya dalam menyelamatkan aset negara, karena semuanya dibeli dari indonesia, bukan sengaja di datangkan dari luar. kompas.com/stanly ravel motor lawas koleksi museum merpati motor nah bagi yang berminat berkunjung ke museum ini, dana yang harus disedikan per orang sebesar rp 65.000, bila membawa kamera profesional, ada tambahan sebesar rp 35.000. museum ini buka mulai pukul 09.00 wib hingga 16.00 wib. 
Pertanyaan Jebakan HRD, Kenapa Kita Harus Menerima Anda?;"JAKARTA, KOMPAS.com - Saat wawancara kerja atau interview, pelamar kerja harus siap menjawab setiap pertanyaan yang diajukan HRD maupun user. Salah satu pertanyaan yang paling sering ditanyakan, bahkan menyiratkan jebakan, yaitu ""Kenapa kita harus menerima Anda?"". Pelamar kerja harus berhati-hati menjawab pertanyaan yang dilontarkan pewawancara itu. Tak sedikit pelamar yang jawabannya dianggap HRD kurang tepat, sehingga akhirnya tak diloloskan ke tahapan selanjutnya. Lantas, bagaimana kiat menjawab pertanyaan ""Kenapa Anda harus dipertimbangkan?"" Pakar Career Development Audi Lumbantoruan mengatakan, pertanyaan seberapa layak pelamar kerja bisa diterima perusahaan memang jadi pertanyaan yang umum ditanyakan HRD, namun terkadang banyak yang jawabannya mengambang dan membuat kesan negatif si pelamar. ""Pertanyaan itu muncul karena perusahaan perlu mencari orang paling pintar atau paling jago dari sekian pelamar yang kompetensinya sebenarnya tak jauh berbeda,"" jelas Audi kepada Kompas.com, Jumat (13/3/2020). Menurut dia, jawaban paling pas menjawab pertanyaan tersebut yakni dengan memaparkan pengalaman bekerja sebaik mungkin kepada pewawancara, khususnya pencapaian kerja yang kaitannya dengan pekerjaan yang dilamar. ""Pertama jawabannya kembali pada diri sendiri, yakni pengalaman. Pelamar bisa katakan, saya punya pengalaman yang cocok di posisi yang ditawarkan. Sebutkan pencapaian-pencapaian yang sudah dilakukan selama ini,"" ujar Audi yang juga Head of People and Organization Capability Development Division Siloam Hospital ini. ""Kedua, beri jawaban kalau tantangan di perusahaan ini sesuai dengan jam terbang saya di perusahaan sebelumnya. Di mana banyak tantangan dan tugas-tugas pekerjaan yang dilamar memang sesuai,"" tambahnya. ";13-03-2020;https://money.kompas.com/read/2020/03/13/071619426/pertanyaan-jebakan-hrd-kenapa-kita-harus-menerima-anda?page=all;"jakarta,saat wawancara kerja atau interview, pelamar kerja harus siap menjawab setiap pertanyaan yang diajukan hrd maupun user. salah satu pertanyaan yang paling sering ditanyakan, bahkan menyiratkan jebakan, yaitu ""kenapa kita harus menerima anda?"". pelamar kerja harus berhati-hati menjawab pertanyaan yang dilontarkan pewawancara itu. tak sedikit pelamar yang jawabannya dianggap hrd kurang tepat, sehingga akhirnya tak diloloskan ke tahapan selanjutnya. lantas, bagaimana kiat menjawab pertanyaan ""kenapa anda harus dipertimbangkan?"" pakar career development audi lumbantoruan mengatakan, pertanyaan seberapa layak pelamar kerja bisa diterima perusahaan memang jadi pertanyaan yang umum ditanyakan hrd, namun terkadang banyak yang jawabannya mengambang dan membuat kesan negatif si pelamar. ""pertanyaan itu muncul karena perusahaan perlu mencari orang paling pintar atau paling jago dari sekian pelamar yang kompetensinya sebenarnya tak jauh berbeda,"" jelas audi kepada kompas.com, jumat (13/3/2020). menurut dia, jawaban paling pas menjawab pertanyaan tersebut yakni dengan memaparkan pengalaman bekerja sebaik mungkin kepada pewawancara, khususnya pencapaian kerja yang kaitannya dengan pekerjaan yang dilamar. ""pertama jawabannya kembali pada diri sendiri, yakni pengalaman. pelamar bisa katakan, saya punya pengalaman yang cocok di posisi yang ditawarkan. sebutkan pencapaian-pencapaian yang sudah dilakukan selama ini,"" ujar audi yang juga head of people and organization capability development division siloam hospital ini. ""kedua, beri jawaban kalau tantangan di perusahaan ini sesuai dengan jam terbang saya di perusahaan sebelumnya. di mana banyak tantangan dan tugas-tugas pekerjaan yang dilamar memang sesuai,"" tambahnya. "
             Bursa Saham Bergejolak, Benarkah Mirip Krisis 2008?            ;[Gambas:Video CNBC];13-03-2020;https://www.cnbcindonesia.com/market/20200313153912-17-144724/bursa-saham-bergejolak-benarkah-mirip-krisis-2008;[gambas:video cnbc]
             Bablas! 10 Saham di LQ45 Anjlok 50% Lebih            ;[Gambas:Video CNBC];18-03-2020;https://www.cnbcindonesia.com/market/20200318093738-17-145698/bablas-10-saham-di-lq45-anjlok-50-lebih;[gambas:video cnbc]
             Jangan Ketinggalan, Ini Daftar Emiten yang Lakukan Buyback            ;[Gambas:Video CNBC];17-03-2020;https://www.cnbcindonesia.com/market/20200317085905-17-145396/jangan-ketinggalan-ini-daftar-emiten-yang-lakukan-buyback;[gambas:video cnbc]
             Emas Global vs Emas Antam, Siapa Paling Cuan Saat Ini?            ;"Jakarta, CNBC Indonesia - Harga emas logam mulia acuan yang diproduksi PT Aneka Tambang Tbk (ANTM) sejak awal tahun hingga saat ini (year to date) per Kamis kemarin (12/3/2020) atau 3 bulan terakhir mampu menguat Rp 69.000 atau naik 9,67% dari level terendah yang dicatatkan pada awal Januari.Data situs logammulia Antam mencatat, harga terendah emas Antam yang tercatat pada 2 Januari 2020 yakni Rp 713.000/gram, dan pada Kamis ini harga emas Antam menjadi Rp 782.000/gram.Kenaikan tipis harga emas Antam dari level terendah tersebut seiring dengan permintaan untuk aset aman (safe haven) yang naik di tengah penyebaran wabah virus corona yang semakin merebak.Organisasi Kesehatan Dunia atau WHO kini menetapkan status corona sebagai pandemi pada Rabu kemarin dan keputusan ini langsung menggerus pasar saham global termasuk Indeks Harga Saham Gabungan (IHSG) yang merosot sebesar 20,5% year to date. Sementara itu harga emas dunia juga menguat secara tahun berjalan atau year to date/ytd seiring dengan kekhawatiran virus Wuhan ini, apalagi Italia dan Denmark kini sudah menyatakan negaranya diisolasi alias dikunci di seluruh wilayah (lockdown). Kekhawatiran ini memicu investor memburu emas sebagai aset aman.Pada awal Januari, harga emas dunia di level US$ 1.516,89 per troy ons, sementara pada Kamis ini harga emas global US$ 1.636,07/troy ons, atau naik 7,85%, lebih rendah dari kenaikan harga emas Antam.Tak hanya corona, sentimen pendorong harga emas global ialah terjunnya harga minyak mentah setelah Arab Saudi dan Rusia tidak menemui kata sepakat dalam pemangkasan produksi dan semakin menghantam pasar saham. Kondisi ini lagi-lagi membuat investor bergegas mencari tempat investasi yang aman.Kamis kemarin, harga emas spot terapresiasi 0,07% pada US$ 1.636,07/troy ons dari harga Rabu kemarin.""Kekhawatiran virus [berdampak ke] pasar saham terus menawarkan dukungan [bagi harga emas dunia],"" kata Ryan McKay, ahli strategi komoditas di TD Securities, dikutip CNBC International, Kamis (12/3). ""Bank-bank sentral global juga menawarkan stimulus. Pada saat yang sama, emas sedang dijual ketika pasar saham mengalami hari yang buruk untuk menutupi margin,"" katanya.""Saya pikir ceritanya [sentimen harga emas] belum banyak berubah selama beberapa minggu,"" tambahnya.Pada Kamis, harga emas Antam dalam 3 hari terakhir ambles hingga Rp 20.000 atau minus 2,5% dari level tertinggi yang dicapai pada Senin (9/3) yakni Rp 802.000/gram, menjadi Rp 782.000/gram pada Kamis.  [Gambas:Video CNBC] Harga emas dunia melemah pada perdagangan Rabu lalu (10/3) padahal bursa saham global sedang mengalami aksi jual masif.Kamis kemarin (12/3/2020) harga emas dunia sempat menguat 0,94% sebelum nyaris stagnan di level US$ 1.635,7/troy ons pada pukul 14:15 WIB. Emas merupakan aset safe haven yang menjadi target investasi ketika terjadi gejolak di pasar finansial. Rabu lalu, bursa saham Amerika Serikat (AS) atau Wall Street kembali mengalami aksi jual, indeks Dow Jones ambles nyaris 6%, sementara S&P 500 dan Nasdaq nyaris 5%. Saat kiblat bursa saham dunia tersebut ambles, harga emas dunia justru merosot 0,88%. Ternyata penyebab merosotnya harga emas adalah aksi ambil untung (profit taking) pelaku pasar guna menambah margin di pasar saham yang ambles beberapa pekan terakhir.Indeks S&P 500 misalnya, sejak mencapai rekor tertinggi sepanjang masa Rp 3.386,15 pada 19 Februari lalu, kini telah merosot lebih dari 19% hingga perdagangan Selasa kemarin. Sementara itu, harga emas sedang bersinar, bahkan sempat melewati US$ 1.700/troy ons di awal pekan ini. Sejak akhir 2019, hingga ke level tertinggi tahun ini US$ 1.702,56/troy ons yang dicapai Senin lalu, emas sudah menguat lebih dari 12%. Kemerosotan tajam di pasar saham tersebut tentunya membuat banyak investor mengalami margin call atau pemberitahuan untuk membayar kekurangan dana. Dengan demikian, pelaku pasar mencairkan keuntungan dari investasi emas, dan memasukkan kembali di bursa saham untuk menghindari kekurangan dana, dengan harapan bursa saham akan bangkit ketika wabah virus corona berakhir, atau ketika para pemangku kebijakan mulai bertindak guna meminimalisir dampak virus corona ke perekonomian. Wabah virus corona yang sudah ditetapkan menjadi pandemi oleh Organisasi Kesehatan Dunia (World Health Organization/WHO) membuat harga emas terus melesat naik. Situasi yang disebut pandemi oleh WHO adalah ketika suatu penyakit menyebar luas ke berbagai penjuru dunia dengan laju yang sangat cepat.Yang paling ditakutkan pelaku pasar adalah pelambatan ekonomi yang ditimbulkan pandemi ini. Beberapa bank sentral sampai harus memangkas suku bunga untuk melindungi perekonomian mereka. Terbaru, Rabu kemarin bank sentral Inggris (Bank of England/BoE) mengumumkan pemangkasan suku bunga darurat sebesar 50 basis poin (bps) menjadi 0,25%.""Pada rapat khusus yang berakhir 10 Maret 2020, Komite Kebijakan Moneter (MPC) secara bulat memutuskan memangkas suku bunga sebesar 50 bps menjadi 0,25%"" kata BoE dalam pernyataannya, Rabu (11/3/2020) sebagaimana dilansir CNBC International. Kebijakan dari BoE tersebut serupa dengan bank sentral AS (Federal Reserve/The Fed) yang juga melakukan pemangkasan suku bunga darurat.Pada Selasa (3/3/2020) malam (Selasa pagi waktu AS), The Fed mengejutkan pasar dengan tiba-tiba mengumumkan memangkas suku bunga acuannya atau Federal Funds Rate (FFR) sebesar 50 basis poin (bps) menjadi 1%-1,25%.Pemangkasan suku bunga dan stimulus dari bank sentral tersebut memberikan keuntungan bagi emas, khususnya pemangkasan suku bunga The Fed. Emas merupakan aset tanpa imbal hasil, suku bunga rendah di AS membuat opportunity cost atau atau biaya yang ditanggung karena memilih investasi emas, dibandingkan investasi lainnya, misalnya obligasi AS, sehingga ketika suku bunga di AS turun, harga emas cenderung menguat. TIM RISET CNBC INDONESIA  ";13-03-2020;https://www.cnbcindonesia.com/market/20200312230155-17-144533/emas-global-vs-emas-antam-siapa-paling-cuan-saat-ini;"jakarta, cnbc indonesia - harga emas logam mulia acuan yang diproduksi pt aneka tambang tbk (antm) sejak awal tahun hingga saat ini (year to date) per kamis kemarin (12/3/2020) atau 3 bulan terakhir mampu menguat rp 69.000 atau naik 9,67% dari level terendah yang dicatatkan pada awal januari.data situs logammulia antam mencatat, harga terendah emas antam yang tercatat pada 2 januari 2020 yakni rp 713.000/gram, dan pada kamis ini harga emas antam menjadi rp 782.000/gram.kenaikan tipis harga emas antam dari level terendah tersebut seiring dengan permintaan untuk aset aman (safe haven) yang naik di tengah penyebaran wabah virus corona yang semakin merebak.organisasi kesehatan dunia atau who kini menetapkan status corona sebagai pandemi pada rabu kemarin dan keputusan ini langsung menggerus pasar saham global termasuk indeks harga saham gabungan (ihsg) yang merosot sebesar 20,5% year to date. sementara itu harga emas dunia juga menguat secara tahun berjalan atau year to date/ytd seiring dengan kekhawatiran virus wuhan ini, apalagi italia dan denmark kini sudah menyatakan negaranya diisolasi alias dikunci di seluruh wilayah (lockdown). kekhawatiran ini memicu investor memburu emas sebagai aset aman.pada awal januari, harga emas dunia di level us$ 1.516,89 per troy ons, sementara pada kamis ini harga emas global us$ 1.636,07/troy ons, atau naik 7,85%, lebih rendah dari kenaikan harga emas antam.tak hanya corona, sentimen pendorong harga emas global ialah terjunnya harga minyak mentah setelah arab saudi dan rusia tidak menemui kata sepakat dalam pemangkasan produksi dan semakin menghantam pasar saham. kondisi ini lagi-lagi membuat investor bergegas mencari tempat investasi yang aman.kamis kemarin, harga emas spot terapresiasi 0,07% pada us$ 1.636,07/troy ons dari harga rabu kemarin.""kekhawatiran virus [berdampak ke] pasar saham terus menawarkan dukungan [bagi harga emas dunia],"" kata ryan mckay, ahli strategi komoditas di td securities, dikutip cnbc international, kamis (12/3). ""bank-bank sentral global juga menawarkan stimulus. pada saat yang sama, emas sedang dijual ketika pasar saham mengalami hari yang buruk untuk menutupi margin,"" katanya.""saya pikir ceritanya [sentimen harga emas] belum banyak berubah selama beberapa minggu,"" tambahnya.pada kamis, harga emas antam dalam 3 hari terakhir ambles hingga rp 20.000 atau minus 2,5% dari level tertinggi yang dicapai pada senin (9/3) yakni rp 802.000/gram, menjadi rp 782.000/gram pada kamis. [gambas:video cnbc] harga emas dunia melemah pada perdagangan rabu lalu (10/3) padahal bursa saham global sedang mengalami aksi jual masif.kamis kemarin (12/3/2020) harga emas dunia sempat menguat 0,94% sebelum nyaris stagnan di level us$ 1.635,7/troy ons pada pukul 14:15 wib. emas merupakan aset safe haven yang menjadi target investasi ketika terjadi gejolak di pasar finansial. rabu lalu, bursa saham amerika serikat (as) atau wall street kembali mengalami aksi jual, indeks dow jones ambles nyaris 6%, sementara s&p 500 dan nasdaq nyaris 5%. saat kiblat bursa saham dunia tersebut ambles, harga emas dunia justru merosot 0,88%. ternyata penyebab merosotnya harga emas adalah aksi ambil untung (profit taking) pelaku pasar guna menambah margin di pasar saham yang ambles beberapa pekan terakhir.indeks s&p 500 misalnya, sejak mencapai rekor tertinggi sepanjang masa rp 3.386,15 pada 19 februari lalu, kini telah merosot lebih dari 19% hingga perdagangan selasa kemarin. sementara itu, harga emas sedang bersinar, bahkan sempat melewati us$ 1.700/troy ons di awal pekan ini. sejak akhir 2019, hingga ke level tertinggi tahun ini us$ 1.702,56/troy ons yang dicapai senin lalu, emas sudah menguat lebih dari 12%. kemerosotan tajam di pasar saham tersebut tentunya membuat banyak investor mengalami margin call atau pemberitahuan untuk membayar kekurangan dana. dengan demikian, pelaku pasar mencairkan keuntungan dari investasi emas, dan memasukkan kembali di bursa saham untuk menghindari kekurangan dana, dengan harapan bursa saham akan bangkit ketika wabah virus corona berakhir, atau ketika para pemangku kebijakan mulai bertindak guna meminimalisir dampak virus corona ke perekonomian. wabah virus corona yang sudah ditetapkan menjadi pandemi oleh organisasi kesehatan dunia (world health organization/who) membuat harga emas terus melesat naik. situasi yang disebut pandemi oleh who adalah ketika suatu penyakit menyebar luas ke berbagai penjuru dunia dengan laju yang sangat cepat.yang paling ditakutkan pelaku pasar adalah pelambatan ekonomi yang ditimbulkan pandemi ini. beberapa bank sentral sampai harus memangkas suku bunga untuk melindungi perekonomian mereka. terbaru, rabu kemarin bank sentral inggris (bank of england/boe) mengumumkan pemangkasan suku bunga darurat sebesar 50 basis poin (bps) menjadi 0,25%.""pada rapat khusus yang berakhir 10 maret 2020, komite kebijakan moneter (mpc) secara bulat memutuskan memangkas suku bunga sebesar 50 bps menjadi 0,25%"" kata boe dalam pernyataannya, rabu (11/3/2020) sebagaimana dilansir cnbc international. kebijakan dari boe tersebut serupa dengan bank sentral as (federal reserve/the fed) yang juga melakukan pemangkasan suku bunga darurat.pada selasa (3/3/2020) malam (selasa pagi waktu as), the fed mengejutkan pasar dengan tiba-tiba mengumumkan memangkas suku bunga acuannya atau federal funds rate (ffr) sebesar 50 basis poin (bps) menjadi 1%-1,25%.pemangkasan suku bunga dan stimulus dari bank sentral tersebut memberikan keuntungan bagi emas, khususnya pemangkasan suku bunga the fed. emas merupakan aset tanpa imbal hasil, suku bunga rendah di as membuat opportunity cost atau atau biaya yang ditanggung karena memilih investasi emas, dibandingkan investasi lainnya, misalnya obligasi as, sehingga ketika suku bunga di as turun, harga emas cenderung menguat. tim riset cnbc indonesia "
